brand_raw,raw_text,url,size_hint_inch,price_hint_eur,price_local,currency,price_eur,platform,country,scraped_at,asin,elkjop_sku,model_year,filter_year,source_brand,fx_rate_date
Samsung,"Samsung Crystal UHD 4K U7099F 43 Zoll (108 cm) LED Fernseher, Optimiert für Fussball und Gaming, Crystal Prozessor 4K, AI Upscaling, SmartThings, Knox Security, Kostenlose Inhalte, Smart AI TV",https://www.amazon.de/dp/B0F5BR3WSK,43.0,259.0,259.0,EUR,259.0,Amazon,DE,2026-07-09T03:27:43Z,B0F5BR3WSK,,,,,
Samsung,"Samsung QLED Q7F2 4K 55 Zoll (138 cm) UHD Fernseher, Q4 AI Prozessor, Quantum Dot für Reale Farben, 4K Upscaling, Knox Security, Gaming Hub, Kostenlose Inhalte, Samsung Vision AI Smart TV",https://www.amazon.de/dp/B0F62T33BJ,55.0,389.0,389.0,EUR,389.0,Amazon,DE,2026-07-09T03:27:43Z,B0F62T33BJ,,,,,
Samsung,"Samsung Crystal UHD 4K U7099F 50 Zoll (125 cm) LED Fernseher, Prozessor, MetalStream Design, SmartThings, Knox Security, Gaming Hub, AI Upscaling, Kostenlose Inhalte, Smart TV, 2025",https://www.amazon.de/dp/B0F5BVDV72,50.0,329.0,329.0,EUR,329.0,Amazon,DE,2026-07-09T03:27:43Z,B0F5BVDV72,,,,,
Samsung,"Samsung QLED Q8F 4K 65 Zoll (163 cm) UHD Fernseher, Q4 AI Prozessor, Quantum Dot für Reale Farben, AirSlim Design, Upscaling, Gaming Hub, Kostenlose Inhalte, Smart TV, 2025",https://www.amazon.de/dp/B0FCXFKMPZ,65.0,669.0,669.0,EUR,669.0,Amazon,DE,2026-07-09T03:27:43Z,B0FCXFKMPZ,,,,,
Samsung,"Samsung QLED Q7F 4K Smart TV 43 Zoll (108 cm) mit AI-Vision, 100% Farbvolumen mit Quantum Dot, HDR10+, Q4 AI Prozessor, One UI Tizen, Wi-Fi, Bluetooth 5.3 und Motion Xcelerator",https://www.amazon.de/dp/B0FFSRHM9L,43.0,265.45,265.45,EUR,265.45,Amazon,DE,2026-07-09T03:27:43Z,B0FFSRHM9L,,,,,
Samsung,"Samsung Crystal UHD U8079F 4K 50 Zoll (125 cm) LED Fernseher, Crystal Prozessor 4K, MetalStream Design, SmartThings, AI Upscaling, Gaming Hub, Knox Security, Kostenlose Inhalte, Smart TV",https://www.amazon.de/dp/B0F62WYBXV,50.0,379.0,379.0,EUR,379.0,Amazon,DE,2026-07-09T03:27:43Z,B0F62WYBXV,,,,,
Samsung,"Samsung Crystal UHD U8079F 4K 55 Zoll (138 cm) LED Fernseher, Crystal Prozessor 4K, MetalStream Design, SmartThings, AI Upscaling, Gaming Hub, Knox Security, Kostenlose Inhalte, Smart TV",https://www.amazon.de/dp/B0F62VWJX3,55.0,379.0,379.0,EUR,379.0,Amazon,DE,2026-07-09T03:27:43Z,B0F62VWJX3,,,,,
Samsung,"Samsung Neo QLED 4K QN85F 65 Zoll (163 cm) Mini LED Fernseher, Optimiert für Fussball, NQ4 AI Gen2 Prozessor, Quantum Matrix Plus, Dolby Atmos, Knox Security, Samsung Vision AI Smart TV",https://www.amazon.de/dp/B0DFVGG5PZ,65.0,799.0,799.0,EUR,799.0,Amazon,DE,2026-07-09T03:27:43Z,B0DFVGG5PZ,,,,,
Samsung,"Samsung Neo QLED 4K QN70F 55 Zoll (138 cm) Mini LED Fernseher, Optimiert für Fussball, NQ4 AI Gen2 Prozessor, Quantum Matrix Technology Slim, Motion Xcelerator, Samsung Vision AI Smart TV",https://www.amazon.de/dp/B0DF6PGDMT,55.0,593.92,593.92,EUR,593.92,Amazon,DE,2026-07-09T03:27:43Z,B0DF6PGDMT,,,,,
Samsung,"Samsung RU7099 108 cm (43 Zoll) LED Fernseher (Ultra HD, HDR, Triple Tuner, Smart TV) [Modelljahr 2019]",https://www.amazon.de/dp/B07WL6ZX97,43.0,289.06,289.06,EUR,289.06,Amazon,DE,2026-07-09T03:27:43Z,B07WL6ZX97,,,,,
Samsung,"Samsung QLED 4K Q7FA 65 Zoll (163 cm) UHD Fernseher, Q4 AI Prozessor, Quantum Dot für Reale Farben, Upscaling, Gaming Hub, Knox Security, Kostenlose Inhalte, Smart TV, 2025",https://www.amazon.de/dp/B0F5BX12JR,65.0,579.0,579.0,EUR,579.0,Amazon,DE,2026-07-09T03:27:43Z,B0F5BX12JR,,,,,
Samsung,"Samsung QLED 4K Q7FA 55 Zoll (138 cm) UHD, Q4 AI Prozessor, Quantum Dot für Reale Farben, Upscaling, Gaming Hub, Knox Security, Kostenlose Inhalte, Vision AI Smart TV, 2025",https://www.amazon.de/dp/B0F5BS1M9C,55.0,399.0,399.0,EUR,399.0,Amazon,DE,2026-07-09T03:27:43Z,B0F5BS1M9C,,,,,
Samsung,"Samsung Full HD F6009F 32 Zoll (81 cm) LED Flachbildfernseher, PurColor-Technologie, HDR, Object Tracking Sound Lite, Knox Security, One UI Tizen, Smart TV, Unbegrenzt kostenlose Inhalte",https://www.amazon.de/dp/B0DFVXK726,32.0,289.0,289.0,EUR,289.0,Amazon,DE,2026-07-09T03:27:43Z,B0DFVXK726,,,,,
Samsung,"Samsung Crystal UHD 4K U80F 50 Zoll (125 cm) LED Fernseher, Crystal Prozessor 4K, MetalStream Design, SmartThings, Knox Security, Gaming Hub, AI Upscaling, Koste... [Ungarische Version]",https://www.amazon.de/dp/B0FMF8VJB1,50.0,298.92,298.92,EUR,298.92,Amazon,DE,2026-07-09T03:27:43Z,B0FMF8VJB1,,,,,
Samsung,"Samsung OLED 4K S90F 55 Zoll (138 cm), UHD Fernseher, Optimiert für Fussball und Gaming, NQ4 AI Gen3 Prozessor, OLED HDR+, 4K Upscaling Pro, Dolby Atmos, Motion Xcelerator, Samsung Vision AI Smart TV",https://www.amazon.de/dp/B0F62WB7N6,55.0,899.0,899.0,EUR,899.0,Amazon,DE,2026-07-09T03:27:43Z,B0F62WB7N6,,,,,
Samsung,"Samsung QLED 4K Q6FA 55 Zoll (138 cm) UHD Fernseher, Optimiert für Fussball, 100% Farbvolumen für satte Farben, Quantum HDR, 4K Upscaling, Kostenlos 900 Sender TV Plus, Samsung Vision AI Smart TV",https://www.amazon.de/dp/B0GJTMPY2F,55.0,449.0,449.0,EUR,449.0,Amazon,DE,2026-07-09T03:27:43Z,B0GJTMPY2F,,,,,
LG,"LG 43UA75006LA TV 43 Zoll (109 cm) 4K UHD AI TV (α7 Gen8 4K AI Prozessor, webOS 25, 60Hz) [Modelljahr 2025]",https://www.amazon.de/dp/B0F2GHSMX5,43.0,239.0,239.0,EUR,239.0,Amazon,DE,2026-07-09T03:27:43Z,B0F2GHSMX5,,,,,
LG,"LG OLED65C5ELB, 65 Zoll (165 cm), 4K OLED evo AI TV, α9 Gen8 Prozessor, webOS 25, 120Hz (VRR bis zu 144Hz), Modelljahr 2025",https://www.amazon.de/dp/B0F2JCZPB4,65.0,1199.0,1199.0,EUR,1199.0,Amazon,DE,2026-07-09T03:27:43Z,B0F2JCZPB4,,,,,
LG,"LG OLED55C5ELB TV 55 Zoll (139 cm) 4K OLED evo AI TV (α9 Gen8 4K AI Prozessor, webOS 25, 120Hz (VRR bis zu 144Hz)) [Modelljahr 2025]",https://www.amazon.de/dp/B0F2JB8LDX,55.0,889.99,889.99,EUR,889.99,Amazon,DE,2026-07-09T03:27:43Z,B0F2JB8LDX,,,,,
LG,"LG OLED48C5ELB, 48 Zoll (121 cm), 4K OLED evo AI TV, α9 Gen8 Prozessor, webOS 25, 120Hz (VRR bis zu 144Hz), Modelljahr 2025",https://www.amazon.de/dp/B0F2JG88PX,48.0,698.99,698.99,EUR,698.99,Amazon,DE,2026-07-09T03:27:43Z,B0F2JG88PX,,,,,
LG,"LG TV 65 Zoll (165 cm) 4K UHD AI TV 2025 (α7 Gen8 4K AI Prozessor, webOS 25, 60Hz) 65UA73006LA",https://www.amazon.de/dp/B0F2GBVRN8,65.0,449.0,449.0,EUR,449.0,Amazon,DE,2026-07-09T03:27:43Z,B0F2GBVRN8,,,,,
LG,"LG 55QNED7EB3C TV 55 Zoll (139 cm) 4K QNED Mini LED AI TV (α7 Gen9 4K AI Prozessor, webOS 26, 60Hz (VRR bis zu 60Hz)) [Modelljahr 2026]",https://www.amazon.de/dp/B0GSGXDD7M,55.0,481.17,481.17,EUR,481.17,Amazon,DE,2026-07-09T03:27:43Z,B0GSGXDD7M,,,,,
LG,"LG Full HD LR60006LA TV 43 Zoll (109 cm) Smart TV, a5 Gen6 AI Prozessor,WebOS 23, 60Hz, HDR, 43LR60006LA (2025)",https://www.amazon.de/dp/B0FNRFJ2Y5,43.0,229.0,229.0,EUR,229.0,Amazon,DE,2026-07-09T03:27:43Z,B0FNRFJ2Y5,,,,,
LG,"LG 32LQ63006LA TV 80 cm (32 Zoll) Full HD Fernseher (Google Assistant, 60 Hz, Smart TV) [Modelljahr 2022], schwarz",https://www.amazon.de/dp/B09RQ4C4KX,32.0,185.86,185.86,EUR,185.86,Amazon,DE,2026-07-09T03:27:43Z,B09RQ4C4KX,,,,,
LG,"LG UHD TV AI 2025 | 50UA73 | 50 Zoll (126cm) | 4K UHD | HDR10 |webOS 25 | Alexa, Google Assistant | Netflix Disney+ C+ Prime Video | AirPlay 2",https://www.amazon.de/dp/B0F2GF65MX,50.0,299.0,299.0,EUR,299.0,Amazon,DE,2026-07-09T03:27:43Z,B0F2GF65MX,,,,,
LG,LG TV AI NANO81 (2025) 43 Zoll NanoCell UHD 4K - 43NANO81A6A,https://www.amazon.de/dp/B0F4PR7DYQ,43.0,299.0,299.0,EUR,299.0,Amazon,DE,2026-07-09T03:27:43Z,B0F4PR7DYQ,,,,,
LG,"LG 43QNED7EB3C TV 43 Zoll (109 cm) 4K QNED Mini LED AI TV (α7 Gen9 4K AI Prozessor, webOS 26, 60Hz (VRR bis zu 60Hz)) [Modelljahr 2026]",https://www.amazon.de/dp/B0GSGYGTY8,43.0,370.29,370.29,EUR,370.29,Amazon,DE,2026-07-09T03:27:43Z,B0GSGYGTY8,,,,,
LG,"LG 50QNED86A6C TV 50 Zoll (127 cm) 4K QNED evo AI TV (α7 Gen8 4K AI Prozessor, webOS 25, 60Hz) [Modelljahr 2025]",https://www.amazon.de/dp/B0F3DNWVBZ,50.0,448.06,448.06,EUR,448.06,Amazon,DE,2026-07-09T03:27:43Z,B0F3DNWVBZ,,,,,
LG,"LG OLED65G57LW TV 65 Zoll (165 cm) 4K OLED evo AI TV (α11 Gen2 4K AI Prozessor, webOS 25, 120Hz (VRR bis zu 165Hz)) [Modelljahr 2025]",https://www.amazon.de/dp/B0F2JBN3QH,65.0,1484.1,1484.1,EUR,1484.1,Amazon,DE,2026-07-09T03:27:43Z,B0F2JBN3QH,,,,,
LG,"LG OLED65B59LA TV 65 Zoll (165 cm) 4K OLED AI TV (α8 Gen2 4K AI Prozessor, webOS 25, 120Hz) [Modelljahr 2025]",https://www.amazon.de/dp/B0F2JBSBG8,65.0,999.0,999.0,EUR,999.0,Amazon,DE,2026-07-09T03:27:43Z,B0F2JBSBG8,,,,,
LG,"LG 27LB70006LA TV 27 Zoll (68 cm) Full HD LCD TV (α5 Gen9 4K AI Prozessor, webOS 26, 120Hz) [Modelljahr 2026] [Energieklasse E]",https://www.amazon.de/dp/B0H2F6QFQK,27.0,249.0,249.0,EUR,249.0,Amazon,DE,2026-07-09T03:27:43Z,B0H2F6QFQK,,,,,
TCL,"TCL 55V6C 55 Zoll Direct LED TV, 4K HDR Fernseher, Smart TV mithilfe von Google TV (Dolby Audio, Motion Clarity, Kompatibel mit Google Assistant & Alexa)",https://www.amazon.de/dp/B0DV94JCVX,55.0,329.0,329.0,EUR,329.0,Amazon,DE,2026-07-09T03:27:43Z,B0DV94JCVX,,,,,
TCL,"TCL 65C7K 65 Zoll QD-Mini LED Fernseher, 4K HDR Premium 2600, Smart Google TV mit 144Hz Motion Clarity Pro (Dolby Vision IQ & Atmos, CrystGlow HVA Panel, Audio von Bang & Olufsen, Game Master)",https://www.amazon.de/dp/B0F5BRZSTR,65.0,649.0,649.0,EUR,649.0,Amazon,DE,2026-07-09T03:27:43Z,B0F5BRZSTR,,,,,
TCL,"TCL 55Q7C 55 Zoll QD-Mini LED Fernseher, 4K HDR Premium 2600, Smart TV unterstützt durch Google TV (Dolby Vision IQ & Atmos, CrystGlow HVA-Panel, Audio von Bang & Olufsen, 144Hz Motion Clarity Pro)",https://www.amazon.de/dp/B0F38H2GGC,55.0,549.0,549.0,EUR,549.0,Amazon,DE,2026-07-09T03:27:43Z,B0F38H2GGC,,,,,
TCL,"TCL 65Q6C 65 Zoll QD-Mini LED Fernseher, 4K HDR Premium 1000nits, Smart TV mit Google TV (Dolby Vision IQ & Atmos, Onkyo 2.1 Soundsystem, 144Hz Motion Clarity Pro, Game Master)",https://www.amazon.de/dp/B0DXQ27X44,65.0,599.0,599.0,EUR,599.0,Amazon,DE,2026-07-09T03:27:43Z,B0DXQ27X44,,,,,
TCL,"TCL 65T8C 65 Zoll QLED 4K HDR UHD Fernseher, Smart Google TV Dolby Vision & Atmos, 144Hz Motion Clarity Pro, Game Bar, ALLM, FreeSync, Onkyo 2.1 Sound, Sprachsteuerung, Kompatibel mit Google Assistant",https://www.amazon.de/dp/B0DV9LYQJ1,65.0,579.0,579.0,EUR,579.0,Amazon,DE,2026-07-09T03:27:43Z,B0DV9LYQJ1,,,,,
TCL,"TCL 55T8C 55 Zoll QLED 4K HDR UHD Fernseher, Smart Google TV Dolby Vision & Atmos, 144Hz Motion Clarity Pro, Game Bar, ALLM, FreeSync, Onkyo 2.1 Sound, Sprachsteuerung, Kompatibel mit Google Assistant",https://www.amazon.de/dp/B0DV9JP49P,55.0,449.0,449.0,EUR,449.0,Amazon,DE,2026-07-09T03:27:43Z,B0DV9JP49P,,,,,
TCL,"TCL 55T69C 55 Zoll QLED, Direct LED TV, 4K HDR TV, Smart Google TV (Dolby Vision & Atmos, Game Master, Motion Clarity, Kompatibel mit Google Assistant & Alexa)",https://www.amazon.de/dp/B0F8QFPB14,55.0,299.0,299.0,EUR,299.0,Amazon,DE,2026-07-09T03:27:43Z,B0F8QFPB14,,,,,
TCL,"TCL 85T8C 85 Zoll QLED 4K HDR Ultra HD Fernseher, Smart TV mithilfe von Google TV (Dolby Vision & Atmos, 144Hz Motion Clarity Pro, FreeSync, Onkyo 2.1 Sound, Sprachsteuerung)",https://www.amazon.de/dp/B0DV9KX1H8,85.0,899.0,899.0,EUR,899.0,Amazon,DE,2026-07-09T03:27:43Z,B0DV9KX1H8,,,,,
TCL,"TCL 50V6C 50 Zoll Direct LED TV, 4K HDR Fernseher, Smart TV mithilfe von Google TV (Dolby Audio, Motion Clarity, Kompatibel mit Google Assistant & Alexa)",https://www.amazon.de/dp/B0DV9JL61N,50.0,289.0,289.0,EUR,289.0,Amazon,DE,2026-07-09T03:27:43Z,B0DV9JL61N,,,,,
TCL,"TCL 75T6C 75 Zoll QLED Fernseher, 4K UHD Fire TV, HDR10+, Dolby Vision & Atmos, Smart TV mit Sprachsteuerung mit Alexa, Google Cast & AirPlay 2, HDMI 2.1",https://www.amazon.de/dp/B0DW996637,75.0,599.0,599.0,EUR,599.0,Amazon,DE,2026-07-09T03:27:43Z,B0DW996637,,,,,
TCL,"TCL 65Q8C 65 Zoll QD-Mini LED-Fernseher, 4K HDR Premium 4500, ZeroBorder™, Smart Google TV, CrystGlow WHVA-Panel, Audio von Bang & Olufsen, 144Hz Motion Clarity Pro, Dolby Vision IQ & Atmos",https://www.amazon.de/dp/B0F9WRKNS3,65.0,949.0,949.0,EUR,949.0,Amazon,DE,2026-07-09T03:27:43Z,B0F9WRKNS3,,,,,
TCL,"TCL 75Q6C 75 Zoll QD-Mini LED Fernseher, 4K HDR Premium 1000nits, Smart TV mit Google TV (Dolby Vision IQ & Atmos, Onkyo 2.1 Soundsystem, 144Hz Motion Clarity Pro, Game Master)",https://www.amazon.de/dp/B0DXQ48PD9,75.0,749.0,749.0,EUR,749.0,Amazon,DE,2026-07-09T03:27:43Z,B0DXQ48PD9,,,,,
TCL,"TCL 50 Zoll 50Q6C QLED Mini LED Fernseher, 4K HDR Premium, Dolby Vision IQ & Atmos, Onkyo 2.1, Smart Google TV, Game Master, 144Hz Motion Clarity Pro, AMD FreeSync Premium Pro, HDMI 2.1, AirPlay 2",https://www.amazon.de/dp/B0FD9VF12V,50.0,399.0,399.0,EUR,399.0,Amazon,DE,2026-07-09T03:27:43Z,B0FD9VF12V,,,,,
TCL,"TCL 43V5C - 43 Zoll Full HD Smart QLED Direct LED-Fernseher mit Android TV & HDR - Kompatibel mit Google Cast & Google Home, Schlankes Design",https://www.amazon.de/dp/B0F3XM86GV,43.0,209.0,209.0,EUR,209.0,Amazon,DE,2026-07-09T03:27:43Z,B0F3XM86GV,,,,,
TCL,"TCL 43PF650 43-Zoll 4K Ultra HD, HDR TV, Smart LED Fire TV (Dolby Vision, Dolby Atmos, DTS, HDR 10, Alexa integriert, Airplay2, Miracast)",https://www.amazon.de/dp/B0D8J7L6N9,43.0,229.0,229.0,EUR,229.0,Amazon,DE,2026-07-09T03:27:43Z,B0D8J7L6N9,,,,,
TCL,"TCL 43T69C 43 Zoll QLED, Direct LED TV, 4K HDR TV, Smart Google TV (Dolby Vision & Atmos, Game Master, Motion Clarity, Kompatibel mit Google Assistant & Alexa)",https://www.amazon.de/dp/B0F8QFTXW9,43.0,279.0,279.0,EUR,279.0,Amazon,DE,2026-07-09T03:27:43Z,B0F8QFTXW9,,,,,
Hisense,"Hisense 43E6NT 108cm (43 Zoll) Fernseher, 4K UHD Smart TV, Precision Colour, HDR, Dolby Vision, 60Hz, Triple Tuner DVB-C/S/S2/T/T2, WiFi, HDMI 2.1, Bluetooth, Alexa Built-in, Schwarz, [2024]",https://www.amazon.de/dp/B0CZWNDNXW,43.0,199.0,199.0,EUR,199.0,Amazon,DE,2026-07-09T03:27:43Z,B0CZWNDNXW,,,,,
Hisense,"Hisense 50E6NT 127cm (50 Zoll) Fernseher, 4K UHD Smart TV, Precision Colour, HDR, Dolby Vision, 60Hz, Triple Tuner DVB-C/S/S2/T/T2, WiFi, HDMI 2.1, Bluetooth, Alexa Built-in, Schwarz, [2024]",https://www.amazon.de/dp/B0CZWS3CN9,50.0,249.0,249.0,EUR,249.0,Amazon,DE,2026-07-09T03:27:43Z,B0CZWS3CN9,,,,,
Hisense,"Hisense 55E7DS Fernseher 55 Zoll, 4K UHD QLED, Smart TV, Hi-View AI Engine, 60Hz Game Mode Plus, Dolby Vision IQ, HI-QLED Colour, Filmmaker Mode, AI Smooth Motion, Airplay, Sprachsteuerung[2026]",https://www.amazon.de/dp/B0GM1TVSMG,55.0,359.0,359.0,EUR,359.0,Amazon,DE,2026-07-09T03:27:43Z,B0GM1TVSMG,,,,,
Hisense,"Hisense 50E7DS Fernseher 50 Zoll, 4K UHD QLED, Smart TV, Hi-View AI Engine, 60Hz Game Mode Plus, Dolby Vision IQ, HI-QLED Colour, Filmmaker Mode, AI Smooth Motion, Airplay, Sprachsteuerung[2026]",https://www.amazon.de/dp/B0GM1R36YW,50.0,319.0,319.0,EUR,319.0,Amazon,DE,2026-07-09T03:27:43Z,B0GM1R36YW,,,,,
Hisense,"Hisense 32E4DS Fernseher 32 Zoll, 4K FHD Smart TV, Hi-View AI Engine, 60Hz Game Mode, Natural Colour Enhancer, Dolby Audio, DTS Virtual: X, Rauschunterdrückung, Airplay [2026]",https://www.amazon.de/dp/B0GT9QKMRM,32.0,149.0,149.0,EUR,149.0,Amazon,DE,2026-07-09T03:27:43Z,B0GT9QKMRM,,,,,
Hisense,"Hisense 50E8DS Fernseher 50 Zoll, 4K UHD, Hi-QLED Mini LED, Smart TV, 144Hz, Hi-View AI Engine, Dolby Vision.Atmos, Unibody Slim, FreeSync Premium, AI-Lichtsensor, Game Bar, Tuned by Devialet",https://www.amazon.de/dp/B0GYYXRNL8,50.0,459.0,459.0,EUR,459.0,Amazon,DE,2026-07-09T03:27:43Z,B0GYYXRNL8,,,,,
Hisense,"Hisense 43E7Q Fehrnseher, 43 Zoll, 4K UHD QLED, Smart TV, Game Mode Plus, Filmaker Mode, Dolby Vision Atmos, HDR10, HLG, HDR Immersive, AI 4K Upscaler, Dolby MS12, DTS X, Sprachsteuerung [2025]",https://www.amazon.de/dp/B0F1MSX2W7,43.0,249.0,249.0,EUR,249.0,Amazon,DE,2026-07-09T03:27:43Z,B0F1MSX2W7,,,,,
Hisense,"Hisense 65U7Q Fernseher 65 Zoll, 4K Mini LED ULED, Smart TV, Hi-View AI Engine, 144Hz Game Mode Pro, FreeSync Premium, Built in Subwoofer, Dolby Vision IQ Atmos, Airplay, Sprachsteuerung[2025]",https://www.amazon.de/dp/B0F32JG9DR,65.0,629.0,629.0,EUR,629.0,Amazon,DE,2026-07-09T03:27:43Z,B0F32JG9DR,,,,,
Hisense,"Hisense 55U7Q Fernseher 55 Zoll, 4K Mini LED ULED, Smart TV, Hi-View AI Engine, 144Hz Game Mode Pro, FreeSync Premium, Built in Subwoofer, Dolby Vision IQ Atmos, Airplay, Sprachsteuerung[2025]",https://www.amazon.de/dp/B0F32M68DW,55.0,492.95,492.95,EUR,492.95,Amazon,DE,2026-07-09T03:27:43Z,B0F32M68DW,,,,,
Hisense,"Hisense 85E8DS Fernseher 85 Zoll, 4K UHD, Hi-QLED Mini LED, Smart TV, 144Hz, Hi-View AI Engine, Dolby Vision.Atmos, Unibody Slim, FreeSync Premium, AI-Lichtsensor, Game Bar, Tuned by Devialet",https://www.amazon.de/dp/B0GYZ753CY,85.0,1199.0,1199.0,EUR,1199.0,Amazon,DE,2026-07-09T03:27:43Z,B0GYZ753CY,,,,,
Hisense,"Hisense 65U7Q Pro Fernseher 65 Zoll, 4K Mini LED, Smart TV, Hi-View AI Engine Pro, 165Hz Game Mode Ultra, FreeSync Premium Pro, 2.1.2 ch. Surround Sound, Dolby Vision IQ Atmos, Sprachsteuerung [2025]",https://www.amazon.de/dp/B0F24FL4CL,65.0,699.0,699.0,EUR,699.0,Amazon,DE,2026-07-09T03:27:43Z,B0F24FL4CL,,,,,
Hisense,"Hisense 75E7DS PRO Fernseher 75 Zoll, 4K UHD QLED, Smart TV, Hi-Concerto, 144Hz Game Mode, Hi-QLED Colour, Dolby Vision.Atmos, Filmmaker Mode, Dolby Audio, DTS Virtual: X, FreeSync Premium [2026]",https://www.amazon.de/dp/B0GTVWZHH8,75.0,799.0,799.0,EUR,799.0,Amazon,DE,2026-07-09T03:27:43Z,B0GTVWZHH8,,,,,
Hisense,"Hisense 65E7Q PRO Fehrnseher,65 Zoll, 4K UHD QLED, Smart TV,144Hz Game Mode PRO,Filmaker Mode, AMD FreeSync Premium,AI HDR Upscaler,Dolby Vision IQ,Dolby Atmos,Sprachsteuerung [2025]",https://www.amazon.de/dp/B0F1N62VSW,65.0,615.83,615.83,EUR,615.83,Amazon,DE,2026-07-09T03:27:43Z,B0F1N62VSW,,,,,
Hisense,"Hisense 40A5Q Fehrnseher, 40 Zoll, 2K QLED, Smart TV, Game Mode, AI Sports Mode, Dolby Atmos, Dolby MS12, DTS X, HDR10, HLG, Full HD, High Contrast, Rauschunterdrückung [2025]",https://www.amazon.de/dp/B0F2N11D11,40.0,229.0,229.0,EUR,229.0,Amazon,DE,2026-07-09T03:27:43Z,B0F2N11D11,,,,,
Hisense,"Hisense 50U7DSE Fernseher 50 Zoll, 4K UHD, Hi-QLED Mini LED, Smart TV, 144Hz, Hi-View AI Engine, IMAX Enhanced, AI Lichtsensor, Dolby Vision.Atmos, Tuned by DeVialet, FreeSync Premium Pro [2026]",https://www.amazon.de/dp/B0GTVYS98Y,50.0,529.0,529.0,EUR,529.0,Amazon,DE,2026-07-09T03:27:43Z,B0GTVYS98Y,,,,,
Hisense,"Hisense 40A5DS Fernseher 40 Zoll, FHD, QLED, Smart TV, 60Hz, Hi-QLED Colour, Dolby Atmos, Game Mode, Noise Reduction, Hohe Kontraste, Share to TV, HDR10, VIDAA OS",https://www.amazon.de/dp/B0GYZC9GRT,40.0,219.0,219.0,EUR,219.0,Amazon,DE,2026-07-09T03:27:43Z,B0GYZC9GRT,,,,,
Sony,"Sony BRAVIA 3 - Direct LED 50 Zoll Fernseher (K50S32), X-Balanced Speaker, Dolby Vision/Atmos, IMAX Enhanced, Google TV (2025), Google Cast, Apple AirPlay 2, Eco Dashboard 2, Game Menu 2, Smart TV",https://www.amazon.de/dp/B0F4KT1F4F,50.0,539.0,539.0,EUR,539.0,Amazon,DE,2026-07-09T03:27:43Z,B0F4KT1F4F,,,,,
Sony,"Sony BRAVIA 8 OLED 55 Zoll 4K HDR Google Smart TV | Gaming Features,IMAX Enhanced, Dolby Vision Atmos, Chromecast, Apple AirPlay, 120Hz 55XR80",https://www.amazon.de/dp/B0D1VTR2M5,55.0,1249.0,1249.0,EUR,1249.0,Amazon,DE,2026-07-09T03:27:43Z,B0D1VTR2M5,,,,,
Sony,"Sony BRAVIA 3 - Direct LED 43 Zoll Fernseher (K43S32), X-Balanced Speaker, Dolby Vision/Atmos, IMAX Enhanced, Google TV (2025), Google Cast, Apple AirPlay 2, Eco Dashboard 2, Game Menu 2, Smart TV",https://www.amazon.de/dp/B0F4KVZSKW,43.0,489.0,489.0,EUR,489.0,Amazon,DE,2026-07-09T03:27:43Z,B0F4KVZSKW,,,,,
Sony,"Sony BRAVIA, KD-32W800, 32 Zoll Fernseher, LED, 2K HDR, Android TV, Smart TV",https://www.amazon.de/dp/B0BNW6941F,32.0,,,,,Amazon,DE,2026-07-09T03:27:43Z,B0BNW6941F,,,,,
Sony,"Sony BRAVIA 5 XR Mini-LED 55 Zoll Fernseher (K55XR52), AI XR-Prozessor, akustisches Multi-Audio, Dolby Vision/Atmos, IMAX Enhanced, Google TV (2025), Google Cast, Apple AirPlay 2, Game Menu, Smart TV",https://www.amazon.de/dp/B0F4KYR4RT,55.0,949.0,949.0,EUR,949.0,Amazon,DE,2026-07-09T03:27:43Z,B0F4KYR4RT,,,,,
Sony,"Sony BRAVIA, KD-65X75WL, 65 Zoll Fernseher, LED, 4K HDR, Google TV, Smart TV, Works with Alexa, BRAVIA CORE, HDMI 2.1, Gaming-Menü mit ALLM",https://www.amazon.de/dp/B0BYP2PVXK,65.0,639.0,639.0,EUR,639.0,Amazon,DE,2026-07-09T03:27:43Z,B0BYP2PVXK,,,,,
Sony,"Sony BRAVIA 8 OLED 65 Zoll 4K HDR Google Smart TV (2024) | Gaming Features,IMAX Enhanced, Dolby Vision Atmos, Chromecast, Apple AirPlay, 120Hz 65XR80",https://www.amazon.de/dp/B0D1VV8K32,65.0,1535.04,1535.04,EUR,1535.04,Amazon,DE,2026-07-09T03:27:43Z,B0D1VV8K32,,,,,
Sony,"Sony BRAVIA, KD-65X85L, 65 Zoll Fernseher, Full Array LED, 4K HDR 120Hz, Google TV, Smart TV, Works with Alexa, BRAVIA CORE, TRILUMINOS PRO, HDMI 2.1, Gaming-Menü mit ALLM + VRR",https://www.amazon.de/dp/B0BYPGRVDR,65.0,,,,,Amazon,DE,2026-07-09T03:27:43Z,B0BYPGRVDR,,,,,
Sony,"Sony BRAVIA 3 - Direct LED 55 Zoll Fernseher (K55S32), X-Balanced Speaker, Dolby Vision/Atmos, IMAX Enhanced, Google TV (2025), Google Cast, Apple AirPlay 2, Eco Dashboard 2, Game Menu 2, Smart TV",https://www.amazon.de/dp/B0F4KXJQ42,55.0,599.0,599.0,EUR,599.0,Amazon,DE,2026-07-09T03:27:43Z,B0F4KXJQ42,,,,,
Sony,"Sony BRAVIA, KD-65X80L, 65 Zoll Fernseher, LED, 4K HDR, Google TV, Smart TV, Works with Alexa, BRAVIA CORE, TRILUMINOS PRO, HDMI 2.1, Gaming-Menü mit ALLM",https://www.amazon.de/dp/B0BZSD6QN8,65.0,809.0,809.0,EUR,809.0,Amazon,DE,2026-07-09T03:27:43Z,B0BZSD6QN8,,,,,
Sony,"Sony BRAVIA 9 QLED (XR l Mini LED) 65 Zoll 4K HDR Google Smart TV | Gaming-Funktionen, IMAX Erweitert, Dolby Vision Atmos, Chromecast, AirPlay, 120Hz K65XR90",https://www.amazon.de/dp/B0DSWFM8GK,65.0,2439.0,2439.0,EUR,2439.0,Amazon,DE,2026-07-09T03:27:43Z,B0DSWFM8GK,,,,,
Sony,"Sony BRAVIA 5 XR Mini-LED 65 Zoll Fernseher (K65XR52), AI XR-Prozessor, akustisches Multi-Audio, Dolby Vision/Atmos, IMAX Enhanced, Google TV (2025), Google Cast, Apple AirPlay 2, Game Menu, Smart TV",https://www.amazon.de/dp/B0F4L1887W,65.0,1169.0,1169.0,EUR,1169.0,Amazon,DE,2026-07-09T03:27:43Z,B0F4L1887W,,,,,
Sony,"Sony BRAVIA 2 II 43 Zoll Fernseher, 4K Smart TV (Google TV), X1 Prozessor, 4K-Upscaling, Fernseher mit Dolby Atmos und DTS:X, PS5-Kompatibilität, 43S20M2, Modell 2026",https://www.amazon.de/dp/B0GZL6GMFJ,43.0,599.0,599.0,EUR,599.0,Amazon,DE,2026-07-09T03:27:43Z,B0GZL6GMFJ,,,,,
Sony,"Sony BRAVIA XR, XR-85X90L, 85 Zoll Fernseher, Full Array LED, 4K HDR 120Hz, Google TV, Smart TV, Works with Alexa, mit exklusiven PS5-Features, HDMI 2.1, Gaming-Menü mit ALLM + VRR, 24 + 12M Garantie",https://www.amazon.de/dp/B0BYPHDLWX,85.0,1799.0,1799.0,EUR,1799.0,Amazon,DE,2026-07-09T03:27:43Z,B0BYPHDLWX,,,,,
