brand_raw,raw_text,url,size_hint_inch,price_hint_eur,platform,country,scraped_at
TCL,TV Mini Led TCL 55C69K 2025-55 pouces (139cm),https://www.boulanger.com/ref/1218992,55.0,549.0,Boulanger,FR,2026-06-19T16:15:03Z
TCL,TV Mini LED TCL 65C69K 2025-65 pouces (164cm),https://www.boulanger.com/ref/1218993,65.0,649.0,Boulanger,FR,2026-06-19T16:15:03Z
TCL,TV Mini Led TCL 65C79K 2025 - 65 pouces ( 164 cm ),https://www.boulanger.com/ref/1221021,65.0,799.0,Boulanger,FR,2026-06-19T16:15:03Z
TCL,TV Mini LED TCL 55C89K 2025-55 pouces (139cm),https://www.boulanger.com/ref/1221057,55.0,799.0,Boulanger,FR,2026-06-19T16:15:03Z
TCL,TV Mini LED TCL 65C89K 2025-65 pouces (164cm),https://www.boulanger.com/ref/1221058,65.0,1099.0,Boulanger,FR,2026-06-19T16:15:03Z
TCL,TV Mini LED TCL 75C89K 2025-75 pouces (189cm),https://www.boulanger.com/ref/1221059,75.0,1499.0,Boulanger,FR,2026-06-19T16:15:03Z
TCL,TV Mini LED TCL 98C79K 2025-98 pouces (248cm),https://www.boulanger.com/ref/1221051,98.0,2599.0,Boulanger,FR,2026-06-19T16:15:03Z
TCL,TV Mini LED TCL 98C89K 2025-98 pouces (248cm),https://www.boulanger.com/ref/1221061,98.0,2899.0,Boulanger,FR,2026-06-19T16:15:03Z
Samsung,"SAMSUNG TV QLED SAMSUNG TQ75Q7F5 (2025) 75"" (189 cm) 4K - Smart TV avec IA",https://www.boulanger.com/ref/1221583,75.0,999.0,Boulanger,FR,2026-06-19T16:15:03Z
Samsung,Barre de son Samsung HW-B760F offerte *,https://www.boulanger.com/ref/1221920,,,Boulanger,FR,2026-06-19T16:15:03Z
Samsung,"SAMSUNG TV Mini LED SAMSUNG TQ65QN77F (2025) 65"" (163 cm) 4K - 100Hz, NeoQLED (contrastes intenses)",https://www.boulanger.com/ref/1221549,65.0,799.0,Boulanger,FR,2026-06-19T16:15:03Z
Samsung,TV Mini LED SAMSUNG NeoQLED TQ75QN77F 2025-75 pouces 189cm,https://www.boulanger.com/ref/1221550,75.0,1199.0,Boulanger,FR,2026-06-19T16:15:03Z
Samsung,"SAMSUNG TV OLED SAMSUNG TQ65S95F (2025) 65"" (163 cm) 4K - 100Hz, sans reflet",https://www.boulanger.com/ref/1221656,65.0,2199.0,Boulanger,FR,2026-06-19T16:15:03Z
Hisense,TV QLED HISENSE 65E79Q PRO 2025 (164cm),https://www.boulanger.com/ref/1222700,65,549.0,Boulanger,FR,2026-06-19T16:15:03Z
Hisense,TV QLED HISENSE 75E79Q PRO 2025 (189cm),https://www.boulanger.com/ref/1222638,74,749.0,Boulanger,FR,2026-06-19T16:15:03Z
Hisense,TV Mini LED HISENSE 65U8Q 2025 (164cm),https://www.boulanger.com/ref/1222636,65,899.0,Boulanger,FR,2026-06-19T16:15:03Z
Hisense,TV Mini LED HISENSE 55U7Q PRO 2025 (139cm),https://www.boulanger.com/ref/1222694,55,549.0,Boulanger,FR,2026-06-19T16:15:03Z
Hisense,TV Mini LED HISENSE 100U7Q 2025,https://www.boulanger.com/ref/1222660,,2290.0,Boulanger,FR,2026-06-19T16:15:03Z
Samsung,"SAMSUNG TV OLED SAMSUNG TQ77S95H (2026) 77"" (195 cm) 4K - Smart TV avec IA, sans reflet, boîtier déporté (câble invisible)",https://www.boulanger.com/ref/1240093,77.0,4699.0,Boulanger,FR,2026-06-19T16:15:03Z
Samsung,TV OLED SAMSUNG TQ55S90F 4K AI Smart TV2025,https://www.boulanger.com/ref/1221677,,1199.0,Boulanger,FR,2026-06-19T16:15:03Z
Samsung,TV QLED SAMSUNG TQ43Q7F3 4K AI SmartTV 2025,https://www.boulanger.com/ref/1221575,,449.0,Boulanger,FR,2026-06-19T16:15:03Z
Samsung,"SAMSUNG TV OLED SAMSUNG TQ48S90F (2025) 48"" (120 cm) 4K - 100Hz, Smart TV",https://www.boulanger.com/ref/1221618,48.0,1049.0,Boulanger,FR,2026-06-19T16:15:03Z
Samsung,"SAMSUNG TV Mini LED SAMSUNG TQ55QN77F (2025) 55"" (138 cm) 4K - Smart TV avec IA, NeoQLED (contrastes intenses)",https://www.boulanger.com/ref/1221548,55.0,649.0,Boulanger,FR,2026-06-19T16:15:03Z
Samsung,"SAMSUNG TV QLED SAMSUNG The Frame TQ55LS03FA (2025) 55"" (138 cm) 4K Ultra HD - Mode art (effet tableau), sans reflet",https://www.boulanger.com/ref/1221231,55.0,999.0,Boulanger,FR,2026-06-19T16:15:03Z
Samsung,"SAMSUNG TV QLED SAMSUNG TQ50Q8FA (2025) 50"" (125 cm) 4K - Smart TV avec IA",https://www.boulanger.com/ref/1221576,50.0,429.0,Boulanger,FR,2026-06-19T16:15:03Z
Samsung,TV OLED SAMSUNG TQ65S90F 4K AI Smart TV 2025,https://www.boulanger.com/ref/1221678,,1599.0,Boulanger,FR,2026-06-19T16:15:03Z
Samsung,TV OLED SAMSUNG TQ55S95F sans reflet 4K AI 2025,https://www.boulanger.com/ref/1221655,,1799.0,Boulanger,FR,2026-06-19T16:15:03Z
Samsung,SAMSUNG TV QLED SAMSUNG TQ55Q7F5 4K AI SmartTV 2025,https://www.boulanger.com/ref/1221577,,479.0,Boulanger,FR,2026-06-19T16:15:03Z
,TV QLED DREAME 43Q100,https://www.boulanger.com/ref/1235523,,349.0,Boulanger,FR,2026-06-19T16:15:03Z
Samsung,SAMSUNG TV Mini LED SAMSUNG NeoQLED TQ85QN70F 4K AI 2025,https://www.boulanger.com/ref/1221591,,1499.0,Boulanger,FR,2026-06-19T16:15:03Z
,TV QLED HAIER H50S80GUX 2026,https://www.boulanger.com/ref/1241432,,479.0,Boulanger,FR,2026-06-19T16:15:03Z
Samsung,"SAMSUNG TV QLED SAMSUNG TQ32Q5FA (2026) 32"" (80 cm) 4K - Smart TV avec IA",https://www.boulanger.com/ref/1239890,32.0,379.0,Boulanger,FR,2026-06-19T16:15:03Z
,TV QLED HAIER H43S80GUX 2026,https://www.boulanger.com/ref/1241431,,419.0,Boulanger,FR,2026-06-19T16:15:03Z
Samsung,SAMSUNG TV LED SAMSUNG TU50U8005F 4K AI Smart TV 2025,https://www.boulanger.com/ref/1221520,,369.0,Boulanger,FR,2026-06-19T16:15:03Z
Samsung,SAMSUNG TV QLED SAMSUNG The Frame 43LS03FA 2025-43 pouces 108cm,https://www.boulanger.com/ref/1221215,43.0,749.0,Boulanger,FR,2026-06-19T16:15:03Z
Samsung,SAMSUNG TV QLED SAMSUNG The Frame Pro 65LS03FW 2025,https://www.boulanger.com/ref/1221233,,1699.0,Boulanger,FR,2026-06-19T16:15:03Z
,TV Mini LED HAIER H55M90EUX,https://www.boulanger.com/ref/1232033,,649.0,Boulanger,FR,2026-06-19T16:15:03Z
Samsung,SAMSUNG TV QLED SAMSUNG TQ65Q7F5 4K AI SmartTV 2025,https://www.boulanger.com/ref/1221676,,799.0,Boulanger,FR,2026-06-19T16:15:03Z
,TV Mini LED HAIER H65M90EUX,https://www.boulanger.com/ref/1232276,,769.0,Boulanger,FR,2026-06-19T16:15:03Z
Samsung,SAMSUNG TV QLED SAMSUNG The Frame 50LS03FA 2025-50 pouces 125cm,https://www.boulanger.com/ref/1221220,50.0,889.0,Boulanger,FR,2026-06-19T16:15:03Z
Samsung,SAMSUNG TV QLED SAMSUNG The Frame 65LS03FA 2025-65 pouces 164cm,https://www.boulanger.com/ref/1221232,65.0,1499.0,Boulanger,FR,2026-06-19T16:15:03Z
Samsung,SAMSUNG TV QLED SAMSUNG The Frame TQ32LS03C-32 pouces (80cm),https://www.boulanger.com/ref/1189153,32.0,389.0,Boulanger,FR,2026-06-19T16:15:03Z
Samsung,SAMSUNG TV OLED SAMSUNG TQ77S90F 4K AI Smart TV 2025,https://www.boulanger.com/ref/1221679,,1999.0,Boulanger,FR,2026-06-19T16:15:03Z
Samsung,SAMSUNG TV LED SAMSUNG TU32H5005FK 2025-32 pouces (80cm),https://www.boulanger.com/ref/1221518,32.0,259.0,Boulanger,FR,2026-06-19T16:15:03Z
Samsung,SAMSUNG TV Mini LED SAMSUNG TQ100QN80F 2025-100 pouces (252cm),https://www.boulanger.com/ref/1222043,100.0,2799.0,Boulanger,FR,2026-06-19T16:15:03Z
Samsung,Exclusivité internet  SAMSUNG TV LED SAMSUNG TU85U8005F 4K AI SmartTV 2025,https://www.boulanger.com/ref/1221574,,812.99,Boulanger,FR,2026-06-19T16:15:03Z
Samsung,SAMSUNG TV LED SAMSUNG TU27F6005 2025-27 pouces (68cm),https://www.boulanger.com/ref/1221942,27.0,239.0,Boulanger,FR,2026-06-19T16:15:03Z
Samsung,SAMSUNG TV LED SAMSUNG TU24F6005 2025-24 pouces (60cm),https://www.boulanger.com/ref/1221941,24.0,219.0,Boulanger,FR,2026-06-19T16:15:03Z
Samsung,SAMSUNG TV OLED SAMSUNG TQ83S95F sans reflet 4K AI Smart TV2025,https://www.boulanger.com/ref/1221658,,4799.0,Boulanger,FR,2026-06-19T16:15:03Z
Samsung,SAMSUNG TV Mini LED SAMSUNG NeoQLED TQ85QN90F 4K AI 2025,https://www.boulanger.com/ref/1221607,,3999.0,Boulanger,FR,2026-06-19T16:15:03Z
Samsung,SAMSUNG TV OLED SAMSUNG TQ42S90F 2025-42 pouces (105cm),https://www.boulanger.com/ref/1221617,42.0,999.0,Boulanger,FR,2026-06-19T16:15:03Z
Samsung,SAMSUNG TV QLED SAMSUNG TQ98Q7FA 4K AI SmartTV,https://www.boulanger.com/ref/1234101,,2199.0,Boulanger,FR,2026-06-19T16:15:03Z
Samsung,"SAMSUNG TV QLED SAMSUNG The Frame Pro TQ55LS03HW (2026) 55"" (138 cm) 4K - Mode art (effet tableau), sans reflet",https://www.boulanger.com/ref/1240081,55.0,1799.0,Boulanger,FR,2026-06-19T16:15:03Z
Samsung,"SAMSUNG TV OLED SAMSUNG TQ65S95H (2026) 65"" (163 cm) 4K - Smart TV avec IA, sans reflet, boîtier déporté (câble invisible)",https://www.boulanger.com/ref/1240061,65.0,3599.0,Boulanger,FR,2026-06-19T16:15:03Z
Samsung,"SAMSUNG TV OLED SAMSUNG TQ65S99H (2026) 65"" (163 cm) 4K - Smart TV avec IA, sans reflet, mode art (effet tableau)",https://www.boulanger.com/ref/1240063,65.0,3690.0,Boulanger,FR,2026-06-19T16:15:03Z
Samsung,SAMSUNG TV OLED SAMSUNG TQ83S90F 4K AI Smart TV 2025,https://www.boulanger.com/ref/1221619,,3199.0,Boulanger,FR,2026-06-19T16:15:03Z
Samsung,"SAMSUNG TV LED SAMSUNG TU43U8005H (2026) 43"" (108 cm) 4K Ultra HD - Smart TV avec IA",https://www.boulanger.com/ref/1239971,43.0,449.0,Boulanger,FR,2026-06-19T16:15:03Z
Samsung,"SAMSUNG TV Mini LED SAMSUNG TQ55QN82H (2026) 55"" (138 cm) 4K - Smart TV, NeoQLED (contrastes intenses et luminosité renforcée)",https://www.boulanger.com/ref/1240066,55.0,1299.0,Boulanger,FR,2026-06-19T16:15:03Z
Samsung,"SAMSUNG TV Mini LED SAMSUNG TQ65QN74H (2026) 65"" (163 cm) 4K - Smart TV, NeoQLED (contrastes intenses)",https://www.boulanger.com/ref/1240091,65.0,1199.0,Boulanger,FR,2026-06-19T16:15:03Z
Samsung,SAMSUNG TV LED SAMSUNG The Movingstyle 2026 - 27 pouces (68cm),https://www.boulanger.com/ref/1228823,27.0,999.0,Boulanger,FR,2026-06-19T16:15:03Z
Samsung,"SAMSUNG TV QLED SAMSUNG The Frame Pro TQ65LS03HW (2026) 65"" (163 cm) 4K - Mode art (effet tableau), sans reflet",https://www.boulanger.com/ref/1240037,65.0,2299.0,Boulanger,FR,2026-06-19T16:15:03Z
Samsung,"SAMSUNG TV Mini LED SAMSUNG TU85M80H (2026) 85"" (214 cm) 4K - Smart TV avec IA",https://www.boulanger.com/ref/1240025,85.0,1899.0,Boulanger,FR,2026-06-19T16:15:03Z
Sony,TV OLED SONY 65BRAVIA8 II IMAX Enhanced (164cm),https://www.boulanger.com/ref/1221969,65,2199.0,Boulanger,FR,2026-06-19T16:15:03Z
Sony,TV OLED SONY 55BRAVIA8 II IMAX Enhanced (139cm),https://www.boulanger.com/ref/1221968,55,1999.0,Boulanger,FR,2026-06-19T16:15:03Z
Sony,TV OLED SONY 65BRAVIA8 Acoustic Surface (164cm),https://www.boulanger.com/ref/1227654,65,1899.0,Boulanger,FR,2026-06-19T16:15:03Z
Sony,TV LED SONY 75BRAVIA3 PlayStation Remote (189cm),https://www.boulanger.com/ref/1222029,74,999.0,Boulanger,FR,2026-06-19T16:15:03Z
Sony,TV LED SONY 65BRAVIA3 PlayStation Remote (164cm),https://www.boulanger.com/ref/1222028,65,799.0,Boulanger,FR,2026-06-19T16:15:03Z
Sony,TV LED SONY 55BRAVIA3 PlayStation Remote (139cm),https://www.boulanger.com/ref/1222025,55,699.0,Boulanger,FR,2026-06-19T16:15:03Z
Samsung,SAMSUNG TV QLED SAMSUNG The Frame Pro 75LS03FW 2025,https://www.boulanger.com/ref/1221234,,1999.0,Boulanger,FR,2026-06-19T16:15:03Z
Samsung,Exclusivité internet  SAMSUNG TV QLED SAMSUNG The Serif TQ43LS01D Blanc 2024,https://www.boulanger.com/ref/1207302,,799.0,Boulanger,FR,2026-06-19T16:15:03Z
Samsung,"SAMSUNG TV OLED SAMSUNG TQ48S92H (2026) 48"" (120 cm) 4K - Expérience Gaming, Smart TV avec IA, sans reflet",https://www.boulanger.com/ref/1240034,48.0,1599.0,Boulanger,FR,2026-06-19T16:15:03Z
Samsung,"SAMSUNG TV LED SAMSUNG TU85U8005H (2026) 85"" (214 cm) 4K Ultra HD - Smart TV avec IA",https://www.boulanger.com/ref/1240026,85.0,1499.0,Boulanger,FR,2026-06-19T16:15:03Z
Samsung,"SAMSUNG TV Mini LED SAMSUNG TU75M80H (2026) 75"" (189 cm) 4K - Smart TV avec IA",https://www.boulanger.com/ref/1240067,75.0,1399.0,Boulanger,FR,2026-06-19T16:15:03Z
Samsung,"SAMSUNG TV Mini LED SAMSUNG TU50M72H (2026) 50"" (125 cm) 4K - Smart TV avec IA",https://www.boulanger.com/ref/1240012,50.0,599.0,Boulanger,FR,2026-06-19T16:15:03Z
Samsung,"SAMSUNG TV Mini LED SAMSUNG TQ50QN80H (2026) 50"" (125 cm) 4K - Smart TV, NeoQLED (contrastes intenses et luminosité renforcée)",https://www.boulanger.com/ref/1240014,50.0,999.0,Boulanger,FR,2026-06-19T16:15:03Z
Samsung,"SAMSUNG TV Mini LED SAMSUNG TU65M80H (2026) 65"" (163 cm) 4K - Smart TV avec IA",https://www.boulanger.com/ref/1240090,65.0,899.0,Boulanger,FR,2026-06-19T16:15:03Z
Samsung,SAMSUNG TV Mini LED SAMSUNG NeoQLED TQ50QN90F 4K AI 2025,https://www.boulanger.com/ref/1221604,,899.0,Boulanger,FR,2026-06-19T16:15:03Z
Samsung,"SAMSUNG TV Mini LED SAMSUNG TQ50QN74H (2026) 50"" (125 cm) 4K - Smart TV, NeoQLED (contrastes intenses)",https://www.boulanger.com/ref/1240013,50.0,849.0,Boulanger,FR,2026-06-19T16:15:03Z
Samsung,SAMSUNG TV QLED SAMSUNG The Serif TQ43LS01D Vert 2024,https://www.boulanger.com/ref/1207303,,799.0,Boulanger,FR,2026-06-19T16:15:03Z
Samsung,"SAMSUNG TV Mini LED SAMSUNG TU55M80H (2026) 55"" (138 cm) 4K - Smart TV avec IA",https://www.boulanger.com/ref/1240040,55.0,799.0,Boulanger,FR,2026-06-19T16:15:03Z
Samsung,"SAMSUNG TV LED SAMSUNG TU65U8005H (2026) 65"" (163 cm) 4K Ultra HD - Smart TV avec IA",https://www.boulanger.com/ref/1240088,65.0,749.0,Boulanger,FR,2026-06-19T16:15:03Z
Samsung,"SAMSUNG TV Mini LED SAMSUNG TQ43QN74H (2026) 43"" (108 cm) 4K - Smart TV, NeoQLED (contrastes intenses)",https://www.boulanger.com/ref/1239973,43.0,649.0,Boulanger,FR,2026-06-19T16:15:03Z
Samsung,SAMSUNG TV LED SAMSUNG TU98DU9005-98 pouces (247cm),https://www.boulanger.com/ref/1206835,98.0,1499.0,Boulanger,FR,2026-06-19T16:15:03Z
Samsung,"SAMSUNG TV RGB SAMSUNG TMR65R95H (2026) 65"" (163 cm) 4K - Smart TV IA, sans reflet, Micro RGB (couleurs ultra-détaillées)",https://www.boulanger.com/ref/1240064,65.0,3799.0,Boulanger,FR,2026-06-19T16:15:03Z
Samsung,SAMSUNG TV QLED SAMSUNG QE50Q80B 2022 Reconditionné,https://www.boulanger.com/ref/1241900?offer=6f08da19-fa1e-4923-9ed8-764bf0f648b7,,1090.0,Boulanger,FR,2026-06-19T16:15:03Z
Samsung,"SAMSUNG TV LED SAMSUNG TU50U8005H (2026) 50"" (125 cm) 4K Ultra HD - Smart TV avec IA",https://www.boulanger.com/ref/1240011,50.0,549.0,Boulanger,FR,2026-06-19T16:15:03Z
Samsung,"SAMSUNG TV LED SAMSUNG TU55U8005H (2026) 55"" (138 cm) 4K Ultra HD - Smart TV avec IA",https://www.boulanger.com/ref/1240038,55.0,579.0,Boulanger,FR,2026-06-19T16:15:03Z
Samsung,SAMSUNG TV QLED SAMSUNG QE75Q60B 2022 Reconditionné,https://www.boulanger.com/ref/1241899?offer=19c2dd02-68b9-4064-8bd6-1e4115df85a1,,1390.0,Boulanger,FR,2026-06-19T16:15:03Z
Samsung,SAMSUNG TV QLED SAMSUNG The Serif TQ50LS01D Vert 2024,https://www.boulanger.com/ref/1207305,,879.0,Boulanger,FR,2026-06-19T16:15:03Z
Samsung,SAMSUNG TV QLED SAMSUNG TQ75Q80C Reconditionné,https://www.boulanger.com/ref/1241941?offer=b5edd669-811f-4c0f-a8a6-480cd27f6d23,,999.0,Boulanger,FR,2026-06-19T16:15:03Z
Samsung,"SAMSUNG TV LED SAMSUNG TU75U8005H (2026) 75"" (189 cm) 4K Ultra HD - Smart TV avec IA",https://www.boulanger.com/ref/1240065,75.0,999.0,Boulanger,FR,2026-06-19T16:15:03Z
Samsung,SAMSUNG TV QLED SAMSUNG Neo Qled QE75QN85B 2022 Reconditionné,https://www.boulanger.com/ref/1241913?offer=6dc87d3d-44fa-4dfd-8b80-793bd3474f11,,2495.51,Boulanger,FR,2026-06-19T16:15:03Z
Samsung,SAMSUNG TV QLED SAMSUNG The Serif TQ55LS01D Vert 2024,https://www.boulanger.com/ref/1207307,,999.0,Boulanger,FR,2026-06-19T16:15:03Z
Samsung,SAMSUNG TV QLED SAMSUNG The Serif TQ55LS01D Blanc 2024,https://www.boulanger.com/ref/1207306,,999.0,Boulanger,FR,2026-06-19T16:15:03Z
Samsung,SAMSUNG TV OLED SAMSUNG OLED QE55S95B Reconditionné,https://www.boulanger.com/ref/1236819?offer=41795ab3-238a-4a30-826b-ad77def2ff4d,,1690.0,Boulanger,FR,2026-06-19T16:15:03Z
Samsung,SAMSUNG TV QLED SAMSUNG The Frame TQ65LS03D 2024 Reconditionné,https://www.boulanger.com/ref/1233755?offer=9aef6d3a-6223-4e91-a67c-170dbdcd3e22,,1399.0,Boulanger,FR,2026-06-19T16:15:03Z
Samsung,"SAMSUNG TV OLED SAMSUNG TQ42S92H (2026) 42"" (105 cm) 4K - Expérience Gaming, Smart TV avec IA, sans reflet",https://www.boulanger.com/ref/1239980,42.0,1399.0,Boulanger,FR,2026-06-19T16:15:03Z
Samsung,"SAMSUNG TV QLED SAMSUNG The Frame TQ55LS03HA (2026) 55"" (138 cm) 4K - Mode art (effet tableau), boîtier déporté, sans reflet",https://www.boulanger.com/ref/1240069,55.0,1599.0,Boulanger,FR,2026-06-19T16:15:03Z
Samsung,"SAMSUNG TV Mini LED SAMSUNG TQ65QN82H (2026) 65"" (163 cm) 4K - Smart TV, NeoQLED (contrastes intenses)",https://www.boulanger.com/ref/1240094,65.0,1599.0,Boulanger,FR,2026-06-19T16:15:03Z
Samsung,SAMSUNG TV QLED SAMSUNG NeoQLED QE65QN800B Reconditionné,https://www.boulanger.com/ref/1241932?offer=8c777087-8695-4a26-b812-64b204f02336,,3690.0,Boulanger,FR,2026-06-19T16:15:03Z
Samsung,"SAMSUNG TV Mini LED SAMSUNG TQ75QN74H (2026) 75"" (189 cm) 4K - Smart TV, NeoQLED (contrastes intenses)",https://www.boulanger.com/ref/1240068,75.0,1699.0,Boulanger,FR,2026-06-19T16:15:03Z
Samsung,"SAMSUNG TV RGB SAMSUNG TMR55R85H (2026) 55"" (138 cm) 4K - Smart TV avec IA, Micro RGB (couleurs ultra-détaillées)",https://www.boulanger.com/ref/1240070,55.0,1799.0,Boulanger,FR,2026-06-19T16:15:03Z
Samsung,SAMSUNG TV QLED SAMSUNG The Frame QE85LS03B Reconditionné,https://www.boulanger.com/ref/1241931?offer=69d63dc6-571c-44d7-9af9-b4bf1cdbf768,,3399.0,Boulanger,FR,2026-06-19T16:15:03Z
Samsung,"SAMSUNG TV OLED SAMSUNG TQ48S95H (2026) 48"" (120 cm) 4K - Smart TV avec IA, sans reflet, boîtier déporté (câble invisible)",https://www.boulanger.com/ref/1240036,48.0,1899.0,Boulanger,FR,2026-06-19T16:15:03Z
Samsung,"SAMSUNG TV OLED SAMSUNG TQ55S92H (2026) 55"" (138 cm) 4K - Expérience Gaming, Smart TV avec IA, sans reflet",https://www.boulanger.com/ref/1240083,55.0,1999.0,Boulanger,FR,2026-06-19T16:15:03Z
Samsung,"SAMSUNG TV Mini LED SAMSUNG TQ85QN74H (2026) 85"" (214 cm) 4K - Smart TV, NeoQLED (contrastes intenses)",https://www.boulanger.com/ref/1240022,85.0,2099.0,Boulanger,FR,2026-06-19T16:15:03Z
Samsung,"SAMSUNG TV QLED SAMSUNG The Frame TQ65LS03HA (2026) 65"" (163 cm) 4K - Mode art (effet tableau), boîtier déporté, sans reflet",https://www.boulanger.com/ref/1240033,65.0,2099.0,Boulanger,FR,2026-06-19T16:15:03Z
Samsung,"SAMSUNG TV RGB SAMSUNG TMR65R85H (2026) 65"" (163 cm) 4K - Smart TV avec IA, Micro RGB (couleurs ultra-détaillées)",https://www.boulanger.com/ref/1240035,65.0,2399.0,Boulanger,FR,2026-06-19T16:15:03Z
,TV Mini LED DREAME 55S100,https://www.boulanger.com/ref/1235544,,349.0,Boulanger,FR,2026-06-19T16:15:03Z
,TV Mini LED DREAME 65S100,https://www.boulanger.com/ref/1235545,,349.0,Boulanger,FR,2026-06-19T16:15:03Z
,TV Mini LED DREAME 75S100,https://www.boulanger.com/ref/1235546,,349.0,Boulanger,FR,2026-06-19T16:15:03Z
,TV QLED DREAME 55Q100,https://www.boulanger.com/ref/1235525,,349.0,Boulanger,FR,2026-06-19T16:15:03Z
,TV QLED DREAME 65Q100,https://www.boulanger.com/ref/1235526,,349.0,Boulanger,FR,2026-06-19T16:15:03Z
Samsung,"SAMSUNG TV OLED SAMSUNG TQ55S95H (2026) 55"" (138 cm) 4K - Smart TV avec IA, sans reflet, boîtier déporté (câble invisible)",https://www.boulanger.com/ref/1240084,55.0,2399.0,Boulanger,FR,2026-06-19T16:15:03Z
Samsung,SAMSUNG TV QLED SAMSUNG Neo Qled QE85QN85B 2022 Reconditionné,https://www.boulanger.com/ref/1241915?offer=e2c2b5c5-95ba-4703-8896-31d20c302268,,4090.0,Boulanger,FR,2026-06-19T16:15:03Z
Samsung,"SAMSUNG TV Mini LED SAMSUNG TQ75QN82H (2026) 75"" (189 cm) 4K - Smart TV, NeoQLED (contrastes intenses et luminosité renforcée)",https://www.boulanger.com/ref/1240082,75.0,2499.0,Boulanger,FR,2026-06-19T16:15:03Z
Samsung,"SAMSUNG TV OLED SAMSUNG TQ55S99H (2026) 55"" (138 cm) 4K - Smart TV avec IA, sans reflet, mode art (effet tableau)",https://www.boulanger.com/ref/1240086,55.0,2699.0,Boulanger,FR,2026-06-19T16:15:03Z
Samsung,"SAMSUNG TV OLED SAMSUNG TQ65S92H (2026) 65"" (163 cm) 4K - Expérience Gaming, Smart TV avec IA, sans reflet",https://www.boulanger.com/ref/1240039,65.0,2699.0,Boulanger,FR,2026-06-19T16:15:03Z
Samsung,"SAMSUNG TV Mini LED SAMSUNG TQ85QN82H (2026) 85"" (214 cm) 4K - Smart TV, NeoQLED (contrastes intenses et luminosité renforcée)",https://www.boulanger.com/ref/1240024,85.0,2999.0,Boulanger,FR,2026-06-19T16:15:03Z
Samsung,"SAMSUNG TV RGB SAMSUNG TMR75R85H (2026) 75"" (189 cm) 4K - Smart TV avec IA, Micro RGB (couleurs ultra-détaillées)",https://www.boulanger.com/ref/1240085,75.0,3099.0,Boulanger,FR,2026-06-19T16:15:03Z
Samsung,SAMSUNG TV QLED SAMSUNG The Frame Pro 85LS03FW 2025,https://www.boulanger.com/ref/1221235,,3199.0,Boulanger,FR,2026-06-19T16:15:03Z
Samsung,SAMSUNG TV QLED SAMSUNG TQ85Q80D 4K UHD AI Smart TV,https://www.boulanger.com/ref/1204143,,3395.51,Boulanger,FR,2026-06-19T16:15:03Z
Samsung,SAMSUNG TV QLED SAMSUNG THE TERRACE TQ55LST7D 2025,https://www.boulanger.com/ref/1221946,,3490.0,Boulanger,FR,2026-06-19T16:15:03Z
Samsung,"SAMSUNG TV OLED SAMSUNG TQ77S92H (2026) 77"" (195 cm) 4K - Expérience Gaming, Smart TV avec IA, sans reflet",https://www.boulanger.com/ref/1240089,77.0,3699.0,Boulanger,FR,2026-06-19T16:15:03Z
Samsung,"SAMSUNG TV OLED SAMSUNG TQ77S99H (2026) 77"" (195 cm) 4K - Smart TV avec IA, sans reflet, mode art (effet tableau)",https://www.boulanger.com/ref/1240096,77.0,4699.0,Boulanger,FR,2026-06-19T16:15:03Z
Samsung,"SAMSUNG TV QLED SAMSUNG The Frame Pro TQ85LS03HW (2026) 85"" (214 cm) 4K - Mode art (effet tableau), sans reflet",https://www.boulanger.com/ref/1239988,85.0,4799.0,Boulanger,FR,2026-06-19T16:15:03Z
Samsung,"SAMSUNG TV RGB SAMSUNG TMR75R95H (2026) 75"" (189 cm) 4K - Smart TV IA, sans reflet, Micro RGB (couleurs ultra-détaillées)",https://www.boulanger.com/ref/1240027,75.0,4999.0,Boulanger,FR,2026-06-19T16:15:03Z
Samsung,"SAMSUNG TV RGB SAMSUNG TMR85R95H (2026) 85"" (214 cm) 4K - Smart TV IA, sans reflet, Micro RGB (couleurs ultra-détaillées)",https://www.boulanger.com/ref/1239986,85.0,6699.0,Boulanger,FR,2026-06-19T16:15:03Z
Samsung,SAMSUNG TV Mini LED SAMSUNG NeoQLED TQ98QN90F 2025-98 pouces (247cm),https://www.boulanger.com/ref/1221609,98.0,7490.0,Boulanger,FR,2026-06-19T16:15:03Z
Samsung,SAMSUNG TV Mini LED SAMSUNG NeoQLED TQ85QN990F 8K AI 2025,https://www.boulanger.com/ref/1221616,,10799.0,Boulanger,FR,2026-06-19T16:15:03Z
Samsung,SAMSUNG TV Mini LED SAMSUNG TQ115QN90F 2025 - 115 pouces ( 291 cm ),https://www.boulanger.com/ref/1228822,115.0,11999.0,Boulanger,FR,2026-06-19T16:15:03Z
Samsung,"SAMSUNG TV RGB SAMSUNG MRE115MR95F (2025) 115"" (290 cm)",https://www.boulanger.com/ref/1228825,115.0,29999.0,Boulanger,FR,2026-06-19T16:15:03Z
Samsung,"SAMSUNG TV LED SAMSUNG MNA76MS1C (2025) 76"" (193 cm) 4K - Smart TV, Gaming HUB",https://www.boulanger.com/ref/1221977,76.0,,Boulanger,FR,2026-06-19T16:15:03Z
Samsung,SAMSUNG TV QLED SAMSUNG The Frame QE65LS03B Reconditionné,https://www.boulanger.com/ref/1235955?offer=74629d46-fc4b-46ec-98a2-9da810cc4470,,1099.0,Boulanger,FR,2026-06-19T16:15:03Z
Samsung,SAMSUNG TV QLED SAMSUNG QE55Q60B 2022 Reconditionné,https://www.boulanger.com/ref/1236835?offer=49b5b5a3-9792-42f2-b00b-13424770e542,,799.0,Boulanger,FR,2026-06-19T16:15:03Z
Samsung,SAMSUNG TV QLED SAMSUNG TQ55Q60C Reconditionné,https://www.boulanger.com/ref/1241926?offer=1728b77f-5a59-4644-9b58-1d8910254e8e,,499.0,Boulanger,FR,2026-06-19T16:15:03Z
Samsung,SAMSUNG TV QLED SAMSUNG The Frame QE55LS03T 2020 Reconditionné,https://www.boulanger.com/ref/1233619?offer=abd4fa8b-5a1b-4d7b-85f2-ef1f8427f285,,599.0,Boulanger,FR,2026-06-19T16:15:03Z
Samsung,SAMSUNG TV QLED SAMSUNG The Frame QE43LS03B Reconditionné,https://www.boulanger.com/ref/1234231?offer=679216ab-b341-4db0-af39-0d6c9ba9248b,,929.0,Boulanger,FR,2026-06-19T16:15:03Z
Samsung,SAMSUNG TV QLED SAMSUNG Neo Qled QE55QN85B 2022 Reconditionné,https://www.boulanger.com/ref/1233623?offer=d07ef0be-71e3-4e91-b0ed-f326265a248d,,979.0,Boulanger,FR,2026-06-19T16:15:03Z
Samsung,SAMSUNG TV QLED SAMSUNG Neo Qled QE50QN90B 2022 Reconditionné,https://www.boulanger.com/ref/1236824?offer=5c530514-5b38-4b33-a339-93ead1241dd5,,1490.0,Boulanger,FR,2026-06-19T16:15:03Z
Samsung,SAMSUNG TV QLED SAMSUNG Neo QLED QE50QN90A 2021 Reconditionné,https://www.boulanger.com/ref/1236851?offer=1f4b4017-0504-45a4-961f-97f5c5166578,,899.0,Boulanger,FR,2026-06-19T16:15:03Z
Samsung,SAMSUNG TV QLED SAMSUNG QE65Q95T Reconditionné,https://www.boulanger.com/ref/1235963?offer=ecc8f3ee-e0a7-4abd-ad21-d5909f1e1802,,1290.0,Boulanger,FR,2026-06-19T16:15:03Z
Samsung,SAMSUNG TV QLED SAMSUNG The Frame QE50LS03B Reconditionné,https://www.boulanger.com/ref/1235993?offer=a3adfd1f-55de-454c-9c64-80cbfc9047cc,,779.0,Boulanger,FR,2026-06-19T16:15:03Z
Samsung,SAMSUNG TV QLED SAMSUNG NeoQLED TQ55QN86C Reconditionné,https://www.boulanger.com/ref/1235973?offer=57a2dd36-1b2b-45f1-af4b-506ab88ccb68,,699.0,Boulanger,FR,2026-06-19T16:15:03Z
Samsung,SAMSUNG TV QLED SAMSUNG Neo Qled QE65QN85B 2022 Reconditionné,https://www.boulanger.com/ref/1231845?offer=6bd21571-b617-4762-a12c-6422317337e0,,1990.0,Boulanger,FR,2026-06-19T16:15:03Z
Samsung,SAMSUNG TV QLED SAMSUNG QE65Q82B 2022 Reconditionné,https://www.boulanger.com/ref/1238742?offer=40bed9c3-13c2-4f90-937f-b62d6cfd2c2c,,999.0,Boulanger,FR,2026-06-19T16:15:03Z
Samsung,SAMSUNG TV QLED SAMSUNG NeoQLED QE65QN95B Reconditionné,https://www.boulanger.com/ref/1232223?offer=0a7c241c-7960-4224-a96f-078cd8b29ee4,,1490.0,Boulanger,FR,2026-06-19T16:15:03Z
Samsung,SAMSUNG TV OLED SAMSUNG QE65S95B 2022 Reconditionné,https://www.boulanger.com/ref/1232242?offer=5f11d1cc-ca5e-42d1-9795-64403cb55ccb,,2990.0,Boulanger,FR,2026-06-19T16:15:03Z
Samsung,SAMSUNG TV OLED SAMSUNG TQ65S95D AI TV Reconditionné,https://www.boulanger.com/ref/1234189?offer=3fd0df05-9363-47fc-a210-45506d4d995c,,1499.0,Boulanger,FR,2026-06-19T16:15:03Z
Samsung,SAMSUNG TV QLED SAMSUNG NeoQLED TQ65QN900C Reconditionné,https://www.boulanger.com/ref/1238743?offer=d77921f8-8ae9-4399-b529-3042e80f3ad9,,1790.0,Boulanger,FR,2026-06-19T16:15:03Z
Samsung,SAMSUNG TV Mini LED SAMSUNG NeoQLED TQ75QN900F 2025-75 pouces 189cm,https://www.boulanger.com/ref/1221611,75.0,4699.0,Boulanger,FR,2026-06-19T16:15:03Z
Samsung,"SAMSUNG TV OLED SAMSUNG TQ83S92H (2026) 83"" (209 cm) 4K - Expérience Gaming, Smart TV avec IA, sans reflet",https://www.boulanger.com/ref/1239989,83.0,4999.0,Boulanger,FR,2026-06-19T16:15:03Z
Samsung,"SAMSUNG TV OLED SAMSUNG TQ83S99H (2026) 83"" (209 cm) 4K - Smart TV avec IA, sans reflet, mode art (effet tableau)",https://www.boulanger.com/ref/1239987,83.0,6499.0,Boulanger,FR,2026-06-19T16:15:03Z
Samsung,SAMSUNG TV OLED SAMSUNG TQ55S92D-55 pouces (138cm),https://www.boulanger.com/ref/1207268,55.0,849.0,Boulanger,FR,2026-06-19T16:15:03Z
Samsung,SAMSUNG TV Mini LED SAMSUNG NeoQLED TQ43QN90F 4K AI 2025,https://www.boulanger.com/ref/1221603,,899.0,Boulanger,FR,2026-06-19T16:15:03Z
Samsung,SAMSUNG TV LED SAMSUNG TU43U8005F 4K AI Smart TV 2025,https://www.boulanger.com/ref/1221519,,319.0,Boulanger,FR,2026-06-19T16:15:03Z
Samsung,SAMSUNG TV OLED SAMSUNG TQ55S92FA 2025 - 55 pouces ( 138 cm ),https://www.boulanger.com/ref/1229522,55.0,1099.0,Boulanger,FR,2026-06-19T16:15:03Z
Samsung,SAMSUNG TV Mini LED SAMSUNG NeoQLED TQ55QN90F 4K AI 2025,https://www.boulanger.com/ref/1221660,,999.0,Boulanger,FR,2026-06-19T16:15:03Z
Samsung,SAMSUNG TV LED SAMSUNG TU55U8005F4K AI SmartTV 2025,https://www.boulanger.com/ref/1221571,,399.0,Boulanger,FR,2026-06-19T16:15:03Z
Samsung,SAMSUNG TV Mini LED SAMSUNG NeoQLED TQ55QN83F 4K AI 2025,https://www.boulanger.com/ref/1221593,,749.0,Boulanger,FR,2026-06-19T16:15:03Z
Samsung,SAMSUNG TV OLED SAMSUNG TQ65S92FA 2025 - 65 pouces ( 164 cm ),https://www.boulanger.com/ref/1229525,65.0,1490.0,Boulanger,FR,2026-06-19T16:15:03Z
Samsung,SAMSUNG TV OLED SAMSUNG TQ77S95F sans reflet 4K AI Smart TV 2025,https://www.boulanger.com/ref/1221657,,2868.83,Boulanger,FR,2026-06-19T16:15:03Z
Samsung,SAMSUNG TV Mini LED SAMSUNG NeoQLED TQ85QN80F 4K AI 2025,https://www.boulanger.com/ref/1221596,,1703.22,Boulanger,FR,2026-06-19T16:15:03Z
Samsung,SAMSUNG TV QLED SAMSUNG TQ55Q6FA 2025 - 55 pouces ( 138 cm ),https://www.boulanger.com/ref/1229497,55.0,429.0,Boulanger,FR,2026-06-19T16:15:03Z
Samsung,SAMSUNG TV LED SAMSUNG TU43CU7025 2024,https://www.boulanger.com/ref/1202231,,299.99,Boulanger,FR,2026-06-19T16:15:03Z
Samsung,SAMSUNG TV Mini LED SAMSUNG NeoQLED TQ65QN90F 4K AI 2025,https://www.boulanger.com/ref/1221605,,1199.0,Boulanger,FR,2026-06-19T16:15:03Z
Samsung,SAMSUNG TV LED SAMSUNG TU65U8005F 4K AI SmartTV 2025,https://www.boulanger.com/ref/1221572,,799.9,Boulanger,FR,2026-06-19T16:15:03Z
Samsung,Exclusivité internet  SAMSUNG TV LED SAMSUNG TU65CU7025 2024,https://www.boulanger.com/ref/1202235,,449.0,Boulanger,FR,2026-06-19T16:15:03Z
Samsung,SAMSUNG TV QLED SAMSUNG TQ75Q60D 2024,https://www.boulanger.com/ref/1204079,,729.0,Boulanger,FR,2026-06-19T16:15:03Z
Samsung,SAMSUNG TV QLED SAMSUNG TQ65Q6FA 2025 - 65 pouces ( 164 cm ),https://www.boulanger.com/ref/1229521,65.0,594.28,Boulanger,FR,2026-06-19T16:15:03Z
Samsung,SAMSUNG TV OLED SAMSUNG OLED TQ55S85D,https://www.boulanger.com/ref/1208620,,729.0,Boulanger,FR,2026-06-19T16:15:03Z
Samsung,SAMSUNG TV QLED SAMSUNG TQ65QE1D 2024,https://www.boulanger.com/ref/1214151,,539.0,Boulanger,FR,2026-06-19T16:15:03Z
Samsung,SAMSUNG TV QLED SAMSUNG TQ55Q60D 2024,https://www.boulanger.com/ref/1204077,,419.0,Boulanger,FR,2026-06-19T16:15:03Z
Samsung,SAMSUNG TV LED SAMSUNG TU50CU7025 2024,https://www.boulanger.com/ref/1202233,,329.0,Boulanger,FR,2026-06-19T16:15:03Z
Samsung,SAMSUNG TV QLED SAMSUNG TV Qled Gamme Q7F4,https://www.boulanger.com/ref/9000947059,,467.37,Boulanger,FR,2026-06-19T16:15:03Z
Samsung,SAMSUNG TV QLED SAMSUNG TQ75QEF1A 2025 - 75 pouces ( 189 cm ),https://www.boulanger.com/ref/1229541,75.0,709.0,Boulanger,FR,2026-06-19T16:15:03Z
Samsung,SAMSUNG TV QLED SAMSUNG TQ65Q60D 2024,https://www.boulanger.com/ref/1204078,,529.0,Boulanger,FR,2026-06-19T16:15:03Z
Samsung,SAMSUNG TV LED SAMSUNG 43U7005F,https://www.boulanger.com/ref/1234658,,403.13,Boulanger,FR,2026-06-19T16:15:03Z
Samsung,SAMSUNG TV QLED SAMSUNG QE50Q60T 2020 Reconditionné,https://www.boulanger.com/ref/1143189?offer=644a70c4-beec-4a4b-855e-1d813cd62fba,,379.87,Boulanger,FR,2026-06-19T16:15:03Z
Samsung,SAMSUNG TV QLED SAMSUNG Samsung TQ43Q7F4,https://www.boulanger.com/ref/9000979123,,399.0,Boulanger,FR,2026-06-19T16:15:03Z
Samsung,SAMSUNG TV LED SAMSUNG UE50AU7025,https://www.boulanger.com/ref/1183178,,469.56,Boulanger,FR,2026-06-19T16:15:03Z
Samsung,SAMSUNG TV QLED SAMSUNG Neo Qled QE55QN85B 2022 Reconditionné,https://www.boulanger.com/ref/1176201?offer=ebfd2af3-fd97-4a00-9256-cd96176cfadd,,478.27,Boulanger,FR,2026-06-19T16:15:03Z
Samsung,SAMSUNG TV QLED SAMSUNG QE55Q60B 2022 Reconditionné,https://www.boulanger.com/ref/1176193?offer=abc8fbb5-299b-4711-b575-5b41b521ac40,,494.27,Boulanger,FR,2026-06-19T16:15:03Z
Samsung,SAMSUNG TV LED SAMSUNG 55U7005F,https://www.boulanger.com/ref/1234660,,509.99,Boulanger,FR,2026-06-19T16:15:03Z
Samsung,SAMSUNG TV QLED SAMSUNG Neo QLED QE55QN85A 2021 Reconditionné,https://www.boulanger.com/ref/1159165?offer=4ef7411b-fd2f-4fe4-abd0-adf449603006,,533.27,Boulanger,FR,2026-06-19T16:15:03Z
Samsung,SAMSUNG TV QLED SAMSUNG The Frame TQ43LS03B Reconditionné,https://www.boulanger.com/ref/1189154?offer=1052a475-2bcd-4967-ba60-4653648d71f5,,542.87,Boulanger,FR,2026-06-19T16:15:03Z
Samsung,SAMSUNG TV QLED SAMSUNG QE65Q82B 2022 Reconditionné,https://www.boulanger.com/ref/1176204?offer=0b026799-da3b-4cc6-beb1-9ce910522654,,562.27,Boulanger,FR,2026-06-19T16:15:03Z
Samsung,SAMSUNG TV QLED SAMSUNG QE75Q60B 2022 Reconditionné,https://www.boulanger.com/ref/1176206?offer=194e96ba-e3ed-4933-9880-5e806532d300,,575.47,Boulanger,FR,2026-06-19T16:15:03Z
Samsung,SAMSUNG TV QLED SAMSUNG 65Q7F4,https://www.boulanger.com/ref/9000947060,,593.86,Boulanger,FR,2026-06-19T16:15:03Z
Samsung,SAMSUNG TV Mini LED SAMSUNG NeoQLED TQ50QN80F 4K AI 2025,https://www.boulanger.com/ref/1221592,,603.66,Boulanger,FR,2026-06-19T16:15:03Z
Samsung,SAMSUNG TV LED SAMSUNG 65U7005F,https://www.boulanger.com/ref/1234711,,609.99,Boulanger,FR,2026-06-19T16:15:03Z
Philips,TV QLED PHILIPS 55PUS9060 Ambilight 2025 139cm,https://www.boulanger.com/ref/1222644,55,,Boulanger,FR,2026-06-19T16:15:03Z
Philips,TV QLED PHILIPS 65PUS9060 Ambilight 2025 164cm,https://www.boulanger.com/ref/1222645,65,,Boulanger,FR,2026-06-19T16:15:03Z
Philips,"TV OLED PHILIPS 55OLED850 (2025) 55"" (139 cm) 4K - Ambilight, Google TV",https://www.boulanger.com/ref/1223442,55.0,,Boulanger,FR,2026-06-19T16:15:03Z
Philips,TV OLED PHILIPS 65OLED850 Ambilight 2025 (164cm),https://www.boulanger.com/ref/1223445,65,,Boulanger,FR,2026-06-19T16:15:03Z
Philips,TV OLED PHILIPS 65OLED910 Ambilight 2025 (164cm),https://www.boulanger.com/ref/1223446,65,,Boulanger,FR,2026-06-19T16:15:03Z
Philips,TV QLED PHILIPS 75PUS9000 Ambilight 2025 189cm,https://www.boulanger.com/ref/1221257,74,,Boulanger,FR,2026-06-19T16:15:03Z
Samsung,SAMSUNG TV QLED SAMSUNG Neo Qled QE50QN90B 2022 Reconditionné,https://www.boulanger.com/ref/1176186?offer=2b1d4f1e-d454-4606-bc89-c7230fe47728,,642.95,Boulanger,FR,2026-06-19T16:15:03Z
Samsung,SAMSUNG TV QLED SAMSUNG The Frame TQ43LS03D 2024 -43pouces 108cm,https://www.boulanger.com/ref/1202175,43.0,659.0,Boulanger,FR,2026-06-19T16:15:03Z
Samsung,SAMSUNG TV QLED SAMSUNG QE85Q60A Reconditionné,https://www.boulanger.com/ref/1159205?offer=000df3af-9eef-438d-938a-92dfe7035cd6,,671.55,Boulanger,FR,2026-06-19T16:15:03Z
Samsung,SAMSUNG TV QLED SAMSUNG TV Qled 50Hz 2025 Gamme Q7FA,https://www.boulanger.com/ref/9000947061,,866.99,Boulanger,FR,2026-06-19T16:15:03Z
Samsung,SAMSUNG TV QLED SAMSUNG The Frame QE43LS03B Reconditionné,https://www.boulanger.com/ref/1176235?offer=b0a994ef-adf3-4ad3-ab70-add587b9f7ee,,705.95,Boulanger,FR,2026-06-19T16:15:03Z
Samsung,SAMSUNG TV QLED SAMSUNG TQ75Q70C Reconditionné,https://www.boulanger.com/ref/1192824?offer=fde5f4b6-b7ea-456a-a9cf-878c938cb608,,819.0,Boulanger,FR,2026-06-19T16:15:03Z
Samsung,SAMSUNG TV OLED SAMSUNG OLED TQ48S90D 2024,https://www.boulanger.com/ref/1207267,,749.0,Boulanger,FR,2026-06-19T16:15:03Z
Samsung,SAMSUNG TV QLED SAMSUNG Neo Qled QE65QN85B 2022 Reconditionné,https://www.boulanger.com/ref/1176205?offer=2bdf77d1-b31a-4239-a94b-878e3b5ae0a0,,757.35,Boulanger,FR,2026-06-19T16:15:03Z
Samsung,SAMSUNG TV QLED SAMSUNG The Frame TQ50LS03D 2024,https://www.boulanger.com/ref/1202176,,759.0,Boulanger,FR,2026-06-19T16:15:03Z
Samsung,SAMSUNG TV QLED SAMSUNG QE55Q7F 2017 Reconditionné,https://www.boulanger.com/ref/1086099?offer=d75628c1-0a57-46b5-9dc2-b65e6b0922da,,1490.0,Boulanger,FR,2026-06-19T16:15:03Z
Samsung,SAMSUNG TV LED SAMSUNG TU75U8005F 4K AI SmartTV 2025,https://www.boulanger.com/ref/1221573,,801.9,Boulanger,FR,2026-06-19T16:15:03Z
Samsung,SAMSUNG TV QLED SAMSUNG The Frame TQ55LS03D 2024,https://www.boulanger.com/ref/1202177,,809.0,Boulanger,FR,2026-06-19T16:15:03Z
Samsung,SAMSUNG TV QLED SAMSUNG TV Qled Gamme Q6F,https://www.boulanger.com/ref/9000947062,,814.38,Boulanger,FR,2026-06-19T16:15:03Z
Samsung,SAMSUNG TV LED SAMSUNG 75U7005F,https://www.boulanger.com/ref/1234712,,899.98,Boulanger,FR,2026-06-19T16:15:03Z
Samsung,Exclusivité internet  SAMSUNG TV OLED SAMSUNG TQ55S85FA-55 pouces (138cm),https://www.boulanger.com/ref/1222781,55.0,1410.99,Boulanger,FR,2026-06-19T16:15:03Z
Samsung,"SAMSUNG TV Mini LED SAMSUNG TQ55QN74H (2026) 55"" (138 cm) 4K - Smart TV, NeoQLED (contrastes intenses)",https://www.boulanger.com/ref/1240062,55.0,932.57,Boulanger,FR,2026-06-19T16:15:03Z
Samsung,SAMSUNG TV QLED SAMSUNG QE85Q80A Reconditionné,https://www.boulanger.com/ref/1168997?offer=5b8c4ab5-520f-45e3-a097-24868cdbc9c8,,951.72,Boulanger,FR,2026-06-19T16:15:03Z
Samsung,SAMSUNG TV LED SAMSUNG 85U7005F,https://www.boulanger.com/ref/1234667,,961.11,Boulanger,FR,2026-06-19T16:15:03Z
Samsung,SAMSUNG TV QLED SAMSUNG QE55Q700T 8K 2020 Reconditionné,https://www.boulanger.com/ref/1150202?offer=883cc7a5-ce23-440a-ad8d-dec9df37ccae,,1169.0,Boulanger,FR,2026-06-19T16:15:03Z
Samsung,SAMSUNG TV OLED SAMSUNG TQ65S85FAE-65 pouces (163cm),https://www.boulanger.com/ref/1222782,65.0,1049.0,Boulanger,FR,2026-06-19T16:15:03Z
Samsung,SAMSUNG TV LED SAMSUNG TU75DU8505K 2024,https://www.boulanger.com/ref/1210091,,1153.47,Boulanger,FR,2026-06-19T16:15:03Z
Samsung,SAMSUNG TV QLED SAMSUNG The Frame TQ65LS03D 2024,https://www.boulanger.com/ref/1202178,,1279.0,Boulanger,FR,2026-06-19T16:15:03Z
Samsung,SAMSUNG TV OLED SAMSUNG TQ77S92FA 2025 - 77 pouces ( 194 cm ),https://www.boulanger.com/ref/1229528,77.0,2056.99,Boulanger,FR,2026-06-19T16:15:03Z
Samsung,SAMSUNG TV OLED SAMSUNG TQ83S90D-83 pouces (209cm),https://www.boulanger.com/ref/1207301,83.0,2894.74,Boulanger,FR,2026-06-19T16:15:03Z
TCL,"TCL TV Mini LED TCL 85C89K (2025) 85"" (215 cm) 4K Ultra HD - 144Hz, Google TV, système sonore Bang & Olufsen",https://www.boulanger.com/ref/1221060,85.0,1999.0,Boulanger,FR,2026-06-19T16:15:03Z
TCL,"Exclusivité internet  TCL TV QLED TCL 98P89K (2025) 98"" (248 cm) - 144Hz",https://www.boulanger.com/ref/1218991,98.0,1599.0,Boulanger,FR,2026-06-19T16:15:03Z
TCL,Exclusivité internet  TCL TV Mini LED TCL 98C69K 2025-98 pouces (248cm),https://www.boulanger.com/ref/1218996,98.0,1899.0,Boulanger,FR,2026-06-19T16:15:03Z
TCL,Exclusivité internet  TCL TV LED TCL 50P69K 2025 - 50 pouces ( 126 cm ),https://www.boulanger.com/ref/1228144,50.0,342.99,Boulanger,FR,2026-06-19T16:15:03Z
TCL,Exclusivité internet  TCL TV QLED TCL 75P89K 144Hz 2025-75 pouces (189cm),https://www.boulanger.com/ref/1218989,75.0,849.0,Boulanger,FR,2026-06-19T16:15:03Z
TCL,TCL TV Mini LED TCL 50C79K 2025-50 pouces (126cm),https://www.boulanger.com/ref/1221020,50.0,749.0,Boulanger,FR,2026-06-19T16:15:03Z
TCL,TCL TV Mini LED TCL 65C9K 2025-65 pouces (164cm),https://www.boulanger.com/ref/1221063,65.0,1299.0,Boulanger,FR,2026-06-19T16:15:03Z
TCL,TCL TV Mini LED TCL SQD 98C89L 2026 - 98 pouces ( 248 cm ),https://www.boulanger.com/ref/1238819,98.0,3799.0,Boulanger,FR,2026-06-19T16:15:03Z
TCL,Exclusivité internet  TCL TV QLED TCL 75P79K 2025 - 75 pouces ( 189 cm ),https://www.boulanger.com/ref/1218985,75.0,749.0,Boulanger,FR,2026-06-19T16:15:03Z
TCL,Exclusivité internet  TCL TV QLED TCL NXTVISION 75A300W-75 pouces (189cm),https://www.boulanger.com/ref/1211412,75.0,1198.99,Boulanger,FR,2026-06-19T16:15:03Z
TCL,TCL TV Mini LED TCL SQD 55C89L 2026 - 55 pouces ( 139 cm ),https://www.boulanger.com/ref/1238873,55.0,1199.0,Boulanger,FR,2026-06-19T16:15:03Z
TCL,Exclusivité internet  TCL TV QLED TCL NXTVISION 55A300 PRO-55 pouces (139cm),https://www.boulanger.com/ref/1211407,55.0,848.99,Boulanger,FR,2026-06-19T16:15:03Z
TCL,Exclusivité internet  TCL TV QLED TCL 40S59K 2025-40 pouces (100cm),https://www.boulanger.com/ref/1224193,40.0,249.0,Boulanger,FR,2026-06-19T16:15:03Z
TCL,Exclusivité internet  TCL TV LED TCL 75P69K 2025-75 pouces (189cm),https://www.boulanger.com/ref/1224198,75.0,749.0,Boulanger,FR,2026-06-19T16:15:03Z
TCL,TCL TV Mini LED TCL SQD 65C79L 2026 - 65 pouces ( 164 cm ),https://www.boulanger.com/ref/1238877,65.0,1499.0,Boulanger,FR,2026-06-19T16:15:03Z
TCL,Exclusivité internet  TCL TV Mini LED TCL 50C69K 2025-50 pouces (126cm),https://www.boulanger.com/ref/1221019,50.0,599.0,Boulanger,FR,2026-06-19T16:15:03Z
TCL,TCL TV QLED TCL 85P79L (216cm),https://www.boulanger.com/ref/1240582,85,1399.0,Boulanger,FR,2026-06-19T16:15:03Z
TCL,Exclusivité internet  TCL TV Mini LED TCL 75C79K 2025 - 75 pouces ( 189 cm ),https://www.boulanger.com/ref/1221007,75.0,1198.99,Boulanger,FR,2026-06-19T16:15:03Z
TCL,TCL TV Mini LED TCL 65A400 PRO (165cm),https://www.boulanger.com/ref/1240593,65,1199.0,Boulanger,FR,2026-06-19T16:15:03Z
TCL,TCL TV Mini LED TCL 55C79K 2025-55 pouces (139cm),https://www.boulanger.com/ref/1224194,55.0,749.0,Boulanger,FR,2026-06-19T16:15:03Z
TCL,TCL TV LED TCL 65P6L 2026 (165 cm),https://www.boulanger.com/ref/1240164,65,699.0,Boulanger,FR,2026-06-19T16:15:03Z
TCL,TCL TV QLED TCL 55P79L (140cm),https://www.boulanger.com/ref/1240579,55,649.0,Boulanger,FR,2026-06-19T16:15:03Z
TCL,TCL TV QLED TCL NXTVISION 55A300W-55 pouces (139cm),https://www.boulanger.com/ref/1211406,55.0,649.0,Boulanger,FR,2026-06-19T16:15:03Z
TCL,TCL TV QLED TCL 43P79L (109cm),https://www.boulanger.com/ref/1240577,43,479.0,Boulanger,FR,2026-06-19T16:15:03Z
TCL,TCL TV QLED TCL 40S5L (102cm),https://www.boulanger.com/ref/1240574,40,349.0,Boulanger,FR,2026-06-19T16:15:03Z
TCL,TCL TV QLED TCL 32S5L (81cm),https://www.boulanger.com/ref/1240573,32,269.0,Boulanger,FR,2026-06-19T16:15:03Z
TCL,TCL TV QLED TCL 50S5L (127cm),https://www.boulanger.com/ref/1240576,50,399.0,Boulanger,FR,2026-06-19T16:15:03Z
TCL,TCL TV QLED TCL 43S5L (109cm),https://www.boulanger.com/ref/1240575,43,399.0,Boulanger,FR,2026-06-19T16:15:03Z
TCL,TCL TV LED TCL 43V6D 2026 - (109cm ),https://www.boulanger.com/ref/1240161,43,399.0,Boulanger,FR,2026-06-19T16:15:03Z
TCL,TCL TV LED TCL 50V6D 2026 (127 cm),https://www.boulanger.com/ref/1240162,50,449.0,Boulanger,FR,2026-06-19T16:15:03Z
TCL,TCL TV LED TCL 55P6L 2026 (140 cm ),https://www.boulanger.com/ref/1240163,55,499.0,Boulanger,FR,2026-06-19T16:15:03Z
TCL,TCL TV QLED TCL 50P79L (127cm),https://www.boulanger.com/ref/1240578,50,549.0,Boulanger,FR,2026-06-19T16:15:03Z
TCL,TCL TV LED TCL 43A400 PRO (109cm),https://www.boulanger.com/ref/1240590,43,699.0,Boulanger,FR,2026-06-19T16:15:03Z
TCL,TCL TV Mini LED TCL 55C69K PRO (140cm),https://www.boulanger.com/ref/1240585,55,799.0,Boulanger,FR,2026-06-19T16:15:03Z
TCL,TCL TV QLED TCL 65P79L (165cm),https://www.boulanger.com/ref/1240580,65,799.0,Boulanger,FR,2026-06-19T16:15:03Z
TCL,TCL TV LED TCL 75P6L 2026 (191cm),https://www.boulanger.com/ref/1240165,75,799.0,Boulanger,FR,2026-06-19T16:15:03Z
TCL,TCL TV Mini LED TCL 55A400U (140cm),https://www.boulanger.com/ref/1240597,55,849.0,Boulanger,FR,2026-06-19T16:15:03Z
TCL,Exclusivité internet  TCL TV QLED TCL NXTVISION 65A300W-65 pouces (164cm),https://www.boulanger.com/ref/1211410,65.0,899.0,Boulanger,FR,2026-06-19T16:15:03Z
TCL,TCL TV Mini LED TCL 65P89L (165cm),https://www.boulanger.com/ref/1240583,65,999.0,Boulanger,FR,2026-06-19T16:15:03Z
TCL,TCL TV QLED TCL 75P79L (191cm),https://www.boulanger.com/ref/1240581,75,999.0,Boulanger,FR,2026-06-19T16:15:03Z
TCL,TCL TV Mini LED TCL 65C69K PRO (165cm),https://www.boulanger.com/ref/1240586,65,999.0,Boulanger,FR,2026-06-19T16:15:03Z
TCL,TCL TV Mini LED TCL SQD 55C79L 2026 - 55 pouces ( 139 cm ),https://www.boulanger.com/ref/1238878,55.0,1099.0,Boulanger,FR,2026-06-19T16:15:03Z
TCL,TCL TV QLED TCL NXTVISION 65A300 PRO-65 pouces (164cm),https://www.boulanger.com/ref/1211411,65.0,1099.0,Boulanger,FR,2026-06-19T16:15:03Z
TCL,Exclusivité internet  TCL TV QLED TCL NXTVISION 75A300 PRO-75 pouces (189cm),https://www.boulanger.com/ref/1211414,75.0,1351.99,Boulanger,FR,2026-06-19T16:15:03Z
TCL,TCL TV Mini LED TCL 75C69K PRO (191cm),https://www.boulanger.com/ref/1240587,75,1599.0,Boulanger,FR,2026-06-19T16:15:03Z
TCL,TCL TV Mini LED TCL SQD 65C89L 2026 - 65 pouces ( 164 cm ),https://www.boulanger.com/ref/1238872,65.0,1799.0,Boulanger,FR,2026-06-19T16:15:03Z
TCL,TCL TV Mini LED TCL 85C69K PRO (216cm),https://www.boulanger.com/ref/1240588,85,1799.0,Boulanger,FR,2026-06-19T16:15:03Z
TCL,TCL TV Mini LED TCL SQD 75C79L 2026 - 75 pouces ( 189 cm ),https://www.boulanger.com/ref/1238876,75.0,1999.0,Boulanger,FR,2026-06-19T16:15:03Z
TCL,Exclusivité internet  TCL TV Mini LED TCL 85C69K 2025-85 pouces (215cm),https://www.boulanger.com/ref/1218995,85.0,1999.0,Boulanger,FR,2026-06-19T16:15:03Z
TCL,TCL TV Mini LED TCL 85A400 PRO (216cm),https://www.boulanger.com/ref/1240595,85,1999.0,Boulanger,FR,2026-06-19T16:15:03Z
TCL,TCL TV Mini LED TCL 85A400U (216cm),https://www.boulanger.com/ref/1240602,85,1999.0,Boulanger,FR,2026-06-19T16:15:03Z
TCL,TCL TV Mini LED TCL SQD 85C79L 2026 - 85 pouces ( 215 cm ),https://www.boulanger.com/ref/1238875,85.0,2299.0,Boulanger,FR,2026-06-19T16:15:03Z
TCL,"TCL TV Mini LED TCL SQD 85C89L (2026) 85"" (215 cm)",https://www.boulanger.com/ref/1238820,85.0,2799.0,Boulanger,FR,2026-06-19T16:15:03Z
TCL,TCL TV Mini LED TCL SQD 98C79L 2026 - 98 pouces ( 248 cm ),https://www.boulanger.com/ref/1238874,98.0,3299.0,Boulanger,FR,2026-06-19T16:15:03Z
TCL,TCL TV Mini LED TCL SQD 75X11L 2026 - 75 pouces ( 189 cm ),https://www.boulanger.com/ref/1238818,75.0,4299.0,Boulanger,FR,2026-06-19T16:15:03Z
TCL,TCL TV RGB TCL 85RM9L (216cm),https://www.boulanger.com/ref/1240529,85,5999.0,Boulanger,FR,2026-06-19T16:15:03Z
TCL,"TCL TV Mini LED TCL SQD 85X11L (2026) 85"" (215 cm) 4K - 120Hz, Google TV, système sonore Bang & Olufsen",https://www.boulanger.com/ref/1238817,85.0,6499.0,Boulanger,FR,2026-06-19T16:15:03Z
TCL,Exclusivité internet  TCL TV RGB TCL 98RM9L (249cm),https://www.boulanger.com/ref/1240530,98,7999.0,Boulanger,FR,2026-06-19T16:15:03Z
TCL,TCL TV Mini LED TCL SQD 98X11L 2026 - 98 pouces ( 248 cm ),https://www.boulanger.com/ref/1238816,98.0,8999.0,Boulanger,FR,2026-06-19T16:15:03Z
TCL,TCL TV Mini LED TCL 115X955MAX-115 pouces (291cm),https://www.boulanger.com/ref/1202943,115.0,12999.0,Boulanger,FR,2026-06-19T16:15:03Z
TCL,TCL TV RGB TCL 115RM9L (291cm),https://www.boulanger.com/ref/1240572,115,12999.0,Boulanger,FR,2026-06-19T16:15:03Z
TCL,"TCL TV QLED TCL 32A400 PRO (2026) 32"" (80 cm) - Android TV, Mode art (effet tableau)",https://www.boulanger.com/ref/1240589,32.0,499.0,Boulanger,FR,2026-06-19T16:15:03Z
TCL,"TCL TV Mini LED TCL 55A400 PRO (2026) 55"" (139 cm) - Mode art (effet tableau)",https://www.boulanger.com/ref/1240592,55.0,999.0,Boulanger,FR,2026-06-19T16:15:03Z
TCL,"TCL TV Mini LED TCL 65A400U (2026) 65"" (164 cm)",https://www.boulanger.com/ref/1240598,65.0,1099.0,Boulanger,FR,2026-06-19T16:15:03Z
TCL,"TCL TV Mini LED TCL 75A400 PRO (2026) 75"" (189 cm) - 144Hz, système sonore ONKYO",https://www.boulanger.com/ref/1240594,75.0,1699.0,Boulanger,FR,2026-06-19T16:15:03Z
TCL,"TCL TV Mini LED TCL 75A400U (2026) 75"" (189 cm) - 144Hz, système sonore ONKYO",https://www.boulanger.com/ref/1240601,75.0,1799.0,Boulanger,FR,2026-06-19T16:15:03Z
TCL,"Exclusivité internet  TCL TV Mini LED TCL 98A400 PRO (2026) 98"" (249 cm)",https://www.boulanger.com/ref/1240596,98.0,2699.0,Boulanger,FR,2026-06-19T16:15:03Z
TCL,TCL TV Mini LED TCL 75C9K 2025-75 pouces (189cm),https://www.boulanger.com/ref/1221064,75.0,1479.0,Boulanger,FR,2026-06-19T16:15:03Z
TCL,Exclusivité internet  TCL TV LED TCL 55P69K 2025-55 pouces (139cm),https://www.boulanger.com/ref/1224196,55.0,418.83,Boulanger,FR,2026-06-19T16:15:03Z
TCL,Exclusivité internet  TCL TV QLED TCL 65P79K 2025,https://www.boulanger.com/ref/1218984,,583.18,Boulanger,FR,2026-06-19T16:15:03Z
TCL,TCL TV QLED TCL 43P79K 2025,https://www.boulanger.com/ref/1218981,,309.0,Boulanger,FR,2026-06-19T16:15:03Z
TCL,TCL TV QLED TCL 32S59K 2025-32 pouces (80cm),https://www.boulanger.com/ref/1224191,32.0,209.0,Boulanger,FR,2026-06-19T16:15:03Z
TCL,Exclusivité internet  TCL TV LED TCL 43P69K 2025 - 43 pouces ( 108 cm ),https://www.boulanger.com/ref/1228145,43.0,301.17,Boulanger,FR,2026-06-19T16:15:03Z
TCL,TCL TV QLED TCL 50P79K 2025,https://www.boulanger.com/ref/1218982,,339.0,Boulanger,FR,2026-06-19T16:15:03Z
TCL,Exclusivité internet  TCL TV QLED TCL 32S49K 2025-32 pouces (80cm),https://www.boulanger.com/ref/1224192,32.0,204.27,Boulanger,FR,2026-06-19T16:15:03Z
TCL,TCL TV QLED TCL 43T69C (109cm),https://www.boulanger.com/ref/1240647,43,309.0,Boulanger,FR,2026-06-19T16:15:03Z
TCL,TCL TV LED TCL 50P615 Android TV Reconditionné,https://www.boulanger.com/ref/1147640?offer=c21d7f08-76f4-4f61-a8e2-3034a2370344,,347.87,Boulanger,FR,2026-06-19T16:15:03Z
TCL,TCL TV QLED TCL 50T69C (127cm),https://www.boulanger.com/ref/1240648,50,359.0,Boulanger,FR,2026-06-19T16:15:03Z
TCL,TCL TV QLED TCL 55P79K 2025,https://www.boulanger.com/ref/1218983,,434.48,Boulanger,FR,2026-06-19T16:15:03Z
TCL,TCL TV QLED TCL 55T69C (140cm),https://www.boulanger.com/ref/1240650,55,435.46,Boulanger,FR,2026-06-19T16:15:03Z
TCL,TCL TV QLED TCL 65C645 Reconditionné,https://www.boulanger.com/ref/1189857?offer=882a4c2b-1467-4bb6-a46a-bf69eaebe21e,,538.27,Boulanger,FR,2026-06-19T16:15:03Z
TCL,TCL TV QLED TCL 65T69C (165cm),https://www.boulanger.com/ref/1240651,65,547.0,Boulanger,FR,2026-06-19T16:15:03Z
TCL,TCL TV QLED TCL MINI LED 65C835 Reconditionné,https://www.boulanger.com/ref/1177692?offer=c4d078d5-0760-42b9-889a-9440359e4e88,,555.87,Boulanger,FR,2026-06-19T16:15:03Z
TCL,TCL TV QLED TCL 55P89K 144Hz 2025-55 pouces (139cm),https://www.boulanger.com/ref/1218987,55.0,567.01,Boulanger,FR,2026-06-19T16:15:03Z
TCL,TCL TV QLED TCL 65P89K 144Hz 2025-65 pouces (164cm),https://www.boulanger.com/ref/1218988,65.0,643.91,Boulanger,FR,2026-06-19T16:15:03Z
TCL,TCL TV QLED TCL 65C89B 2024-65 pouces (164cm) Reconditionné,https://www.boulanger.com/ref/1204784?offer=10b55ba5-f4d8-497a-ad1e-fb1179283acc,65.0,849.72,Boulanger,FR,2026-06-19T16:15:03Z
TCL,TCL TV QLED TCL Mini LED 75C935 Reconditionné,https://www.boulanger.com/ref/1177753?offer=5acf575c-f362-4e9d-a739-e74e0ad0a41a,,885.82,Boulanger,FR,2026-06-19T16:15:03Z
TCL,TCL TV Mini LED TCL 75C69K 2025-75 pouces (189cm),https://www.boulanger.com/ref/1218994,75.0,923.95,Boulanger,FR,2026-06-19T16:15:03Z
TCL,Exclusivité internet  TCL TV QLED TCL 85P79K 2025 - 85 pouces ( 215 cm ),https://www.boulanger.com/ref/1218986,85.0,1020.37,Boulanger,FR,2026-06-19T16:15:03Z
TCL,TCL TV QLED TCL 85P89K 144Hz 2025-85 pouces (215cm),https://www.boulanger.com/ref/1218990,85.0,1264.95,Boulanger,FR,2026-06-19T16:15:03Z
TCL,TCL TV Mini LED TCL Mini LED Pro 85C79K 2025,https://www.boulanger.com/ref/1221047,,1550.79,Boulanger,FR,2026-06-19T16:15:03Z
TCL,TCL TV Mini LED TCL MiniLED 85C89B 2024,https://www.boulanger.com/ref/1204792,,2076.29,Boulanger,FR,2026-06-19T16:15:03Z
TCL,TCL TV Mini LED TCL 85C9K 2025-85 pouces (215cm),https://www.boulanger.com/ref/1221065,85.0,2089.0,Boulanger,FR,2026-06-19T16:15:03Z
TCL,TCL TV Mini LED TCL SQD 75C89L 2026 - 75 pouces ( 189 cm ),https://www.boulanger.com/ref/1238871,75.0,2280.88,Boulanger,FR,2026-06-19T16:15:03Z
TCL,TCL TV Mini LED TCL 85X11K 2025-85 pouces (215cm),https://www.boulanger.com/ref/1211415,85.0,2999.99,Boulanger,FR,2026-06-19T16:15:03Z
TCL,TCL TV Mini LED TCL 98X11K 2025-98 pouces (248cm),https://www.boulanger.com/ref/1211417,98.0,4573.99,Boulanger,FR,2026-06-19T16:15:03Z
TCL,TCL TV Mini LED TCL 115C7K 2025-115 pouces (291cm),https://www.boulanger.com/ref/1221056,115.0,7190.0,Boulanger,FR,2026-06-19T16:15:03Z
LG,TV OLED LG 55C5 2025 (139cm),https://www.boulanger.com/ref/1220721,55,1199.0,Boulanger,FR,2026-06-19T16:15:03Z
LG,TV OLED LG 65C5 2025 (164cm),https://www.boulanger.com/ref/1220722,65,1598.4,Boulanger,FR,2026-06-19T16:15:03Z
LG,"LG TV OLED LG 77C5 (2025) 77"" (195 cm) - Expérience Gaming, 120Hz, Smart TV",https://www.boulanger.com/ref/1220723,77.0,2099.0,Boulanger,FR,2026-06-19T16:15:03Z
LG,TV OLED LG 65G5 2025 (164cm),https://www.boulanger.com/ref/1220582,65,1598.4,Boulanger,FR,2026-06-19T16:15:03Z
LG,LG TV OLED LG 77G5 2025 (195cm),https://www.boulanger.com/ref/1220583,77,2799.0,Boulanger,FR,2026-06-19T16:15:03Z
LG,LG TV OLED LG 48C5 2025 (121cm),https://www.boulanger.com/ref/1220720,48,1049.0,Boulanger,FR,2026-06-19T16:15:03Z
LG,LG TV OLED LG 55G5 2025 (139cm),https://www.boulanger.com/ref/1220581,55,1699.0,Boulanger,FR,2026-06-19T16:15:03Z
LG,LG TV OLED LG 77G6 2026 ( 195 cm ),https://www.boulanger.com/ref/1239938,77,4599.0,Boulanger,FR,2026-06-19T16:15:03Z
LG,LG TV LED LG StanbyME 2 (68cm),https://www.boulanger.com/ref/1227662,27,899.0,Boulanger,FR,2026-06-19T16:15:03Z
LG,TV LED LG 75QNED86A 2025-75 pouces (189cm),https://www.boulanger.com/ref/1220688,75.0,1199.0,Boulanger,FR,2026-06-19T16:15:03Z
LG,LG TV LED LG 50QNED86A 2025 (126cm),https://www.boulanger.com/ref/1220650,50,549.0,Boulanger,FR,2026-06-19T16:15:03Z
LG,LG TV OLED LG 83C5 2025 (210cm),https://www.boulanger.com/ref/1220724,83,2999.0,Boulanger,FR,2026-06-19T16:15:03Z
LG,TV LED LG 55QNED86A 2025 (139cm),https://www.boulanger.com/ref/1220712,55,599.0,Boulanger,FR,2026-06-19T16:15:03Z
LG,TV LED LG 65QNED86A 2025 (164cm),https://www.boulanger.com/ref/1220715,65,749.0,Boulanger,FR,2026-06-19T16:15:03Z
LG,Exclusivité internet  LG TV LED LG 27LB70006LA (69cm),https://www.boulanger.com/ref/1240874,27,199.0,Boulanger,FR,2026-06-19T16:15:03Z
LG,LG TV OLED LG 55G6 2026 ( 139 cm ),https://www.boulanger.com/ref/1239930,55,2399.0,Boulanger,FR,2026-06-19T16:15:03Z
LG,LG TV OLED LG 55C6 2026 ( 139 cm ),https://www.boulanger.com/ref/1239897,55,1999.0,Boulanger,FR,2026-06-19T16:15:03Z
LG,LG TV OLED LG 48G6 2026 (121 cm),https://www.boulanger.com/ref/1239896,48,1899.0,Boulanger,FR,2026-06-19T16:15:03Z
LG,LG TV LED LG 24LB70006LA (60cm),https://www.boulanger.com/ref/1240873,24,179.0,Boulanger,FR,2026-06-19T16:15:03Z
LG,LG TV LED LG 24TQ510S-24 pouces (60cm),https://www.boulanger.com/ref/1178520,24.0,212.4,Boulanger,FR,2026-06-19T16:15:03Z
LG,LG TV RGB LG 55MRGB86B6 (139cm),https://www.boulanger.com/ref/1240876,55,999.0,Boulanger,FR,2026-06-19T16:15:03Z
LG,LG TV Mini LED LG 55QNED86B 2026 (139cm),https://www.boulanger.com/ref/1239859,55,1099.0,Boulanger,FR,2026-06-19T16:15:03Z
LG,LG TV Mini LED LG 50QNED71B 2026,https://www.boulanger.com/ref/1239789,,599.0,Boulanger,FR,2026-06-19T16:15:03Z
LG,LG TV LED LG 43QNED86A 2025 (108cm),https://www.boulanger.com/ref/1220648,43,549.0,Boulanger,FR,2026-06-19T16:15:03Z
LG,LG TV LED LG 50QNED84A 2025 (126cm),https://www.boulanger.com/ref/1220649,50,429.0,Boulanger,FR,2026-06-19T16:15:03Z
LG,LG TV LED LG 43NU850B6 2026 (108cm),https://www.boulanger.com/ref/1239785,43,449.99,Boulanger,FR,2026-06-19T16:15:03Z
LG,LG TV LED LG 43QNED71B 2026 (108cm),https://www.boulanger.com/ref/1239786,43,499.0,Boulanger,FR,2026-06-19T16:15:03Z
LG,LG TV LED LG 50NU850B6 2026,https://www.boulanger.com/ref/1239788,,499.0,Boulanger,FR,2026-06-19T16:15:03Z
LG,LG TV LED LG 55NU850B6 2026,https://www.boulanger.com/ref/1239841,,549.0,Boulanger,FR,2026-06-19T16:15:03Z
LG,LG TV Mini LED LG 55QNED71B 2026,https://www.boulanger.com/ref/1239843,,699.0,Boulanger,FR,2026-06-19T16:15:03Z
LG,LG TV LED LG 65NU850B6 2026 (164cm),https://www.boulanger.com/ref/1239871,65,699.0,Boulanger,FR,2026-06-19T16:15:03Z
LG,LG TV Mini LED LG 43QNED86B 2026 (108cm),https://www.boulanger.com/ref/1239787,43,699.0,Boulanger,FR,2026-06-19T16:15:03Z
LG,LG TV RGB LG 50MRGB86B6,https://www.boulanger.com/ref/1240875,,849.0,Boulanger,FR,2026-06-19T16:15:03Z
LG,LG TV Mini LED LG 50QNED86B 2026,https://www.boulanger.com/ref/1239790,,849.0,Boulanger,FR,2026-06-19T16:15:03Z
LG,LG TV OLED LG OLED55C2 2022 Reconditionné,https://www.boulanger.com/ref/1236064?offer=4e505358-db0f-4b5f-9e1c-9ca259a8c79f,,1990.0,Boulanger,FR,2026-06-19T16:15:03Z
LG,LG TV Mini LED LG 65QNED71B 2026 (164cm),https://www.boulanger.com/ref/1239872,65,899.0,Boulanger,FR,2026-06-19T16:15:03Z
LG,LG TV OLED LG OLED55C2 2022 Reconditionné,https://www.boulanger.com/ref/1231844?offer=b3750896-ffbd-4327-abeb-a2bcc7041f20,,1990.0,Boulanger,FR,2026-06-19T16:15:03Z
LG,LG TV OLED LG 65B5 2025 (164cm),https://www.boulanger.com/ref/1220751,65,1299.0,Boulanger,FR,2026-06-19T16:15:03Z
LG,LG TV OLED LG OLED77C2 2022 Reconditionné,https://www.boulanger.com/ref/1241914?offer=b8d3da06-e023-4533-beab-de4fd4b5e12e,,2390.0,Boulanger,FR,2026-06-19T16:15:03Z
LG,LG TV OLED LG 55B5 2025 (139cm),https://www.boulanger.com/ref/1220750,55,1299.0,Boulanger,FR,2026-06-19T16:15:03Z
LG,LG TV OLED LG 42C6 2026 (106 cm),https://www.boulanger.com/ref/1239829,42,1399.0,Boulanger,FR,2026-06-19T16:15:03Z
LG,LG TV Mini LED LG 75QNED86B 2026 (189cm),https://www.boulanger.com/ref/1239875,74,1699.0,Boulanger,FR,2026-06-19T16:15:03Z
LG,LG TV OLED LG 48C6 2026 ( 121 cm ),https://www.boulanger.com/ref/1239830,48,1699.0,Boulanger,FR,2026-06-19T16:15:03Z
LG,"LG TV RGB LG 75MRGB86B6 75"" (189 cm) 4K UHD - 120Hz, Smart TV",https://www.boulanger.com/ref/1240878,75.0,1799.0,Boulanger,FR,2026-06-19T16:15:03Z
LG,LG TV OLED LG OLED65G4 Reconditionné,https://www.boulanger.com/ref/1234227?offer=0fbc047d-d729-4597-81a2-a9e16527bfb5,,1999.0,Boulanger,FR,2026-06-19T16:15:03Z
LG,LG TV Mini LED LG 86QNED86B 2026 (215cm),https://www.boulanger.com/ref/1239877,85,2099.0,Boulanger,FR,2026-06-19T16:15:03Z
LG,LG TV LG 65M5 2025 (164cm),https://www.boulanger.com/ref/1222708,65,2499.0,Boulanger,FR,2026-06-19T16:15:03Z
LG,LG TV OLED LG 65C6 2026 ( 164 cm ),https://www.boulanger.com/ref/1239935,65,2699.0,Boulanger,FR,2026-06-19T16:15:03Z
LG,LG TV LED LG 100QNED86A 2025 (253cm),https://www.boulanger.com/ref/1220748,100,2999.0,Boulanger,FR,2026-06-19T16:15:03Z
LG,LG TV OLED LG 65G6 2026 ( 164 cm ),https://www.boulanger.com/ref/1239936,65,3599.0,Boulanger,FR,2026-06-19T16:15:03Z
LG,LG TV OLED LG 77C6 2026 ( 195 cm ),https://www.boulanger.com/ref/1239937,77,3699.0,Boulanger,FR,2026-06-19T16:15:03Z
LG,LG TV OLED LG 83G5 2025 (210cm),https://www.boulanger.com/ref/1220766,83,4499.0,Boulanger,FR,2026-06-19T16:15:03Z
LG,LG TV Mini LED LG 100QNED87B 2026,https://www.boulanger.com/ref/1239784,,4499.0,Boulanger,FR,2026-06-19T16:15:03Z
LG,LG TV OLED LG 83C6 2026 ( 210 cm ),https://www.boulanger.com/ref/1239940,83,4999.0,Boulanger,FR,2026-06-19T16:15:03Z
LG,LG TV LED LG 98QNED89T 2024,https://www.boulanger.com/ref/1204483,,4999.0,Boulanger,FR,2026-06-19T16:15:03Z
LG,"LG TV OLED LG 77W6 (2026) 77"" (195 cm)",https://www.boulanger.com/ref/1242836,77.0,4999.0,Boulanger,FR,2026-06-19T16:15:03Z
LG,LG TV OLED LG 83G6 2026 ( 210 cm ),https://www.boulanger.com/ref/1239981,83,5499.0,Boulanger,FR,2026-06-19T16:15:03Z
LG,"LG TV OLED LG 83W6 (2026) 83"" (210 cm)",https://www.boulanger.com/ref/1242837,83.0,6499.0,Boulanger,FR,2026-06-19T16:15:03Z
LG,LG TV OLED LG 97G5 2025 (245cm),https://www.boulanger.com/ref/1220767,96,24999.0,Boulanger,FR,2026-06-19T16:15:03Z
LG,LG TV OLED LG 97M5 2025 (245cm),https://www.boulanger.com/ref/1220762,96,27990.0,Boulanger,FR,2026-06-19T16:15:03Z
LG,"LG TV OLED LG 77T4 (2025) 77"" (195 cm) 4K UHD - 120Hz",https://www.boulanger.com/ref/1222709,77.0,49999.0,Boulanger,FR,2026-06-19T16:15:03Z
LG,LG TV LED LG 75NU850B6 2026 (189cm),https://www.boulanger.com/ref/1239874,74,999.0,Boulanger,FR,2026-06-19T16:15:03Z
LG,LG TV OLED LG OLED42C2 Reconditionné,https://www.boulanger.com/ref/1232204?offer=1a79c8fb-1632-40b7-98e4-e543b08f6147,,819.0,Boulanger,FR,2026-06-19T16:15:03Z
LG,LG TV OLED LG OLED48C2 2022 Reconditionné,https://www.boulanger.com/ref/1234232?offer=5fd126c0-b58d-475b-adf6-40795d6310d5,,899.0,Boulanger,FR,2026-06-19T16:15:03Z
LG,LG TV LED LG MiniLed 65QNED87 Reconditionné,https://www.boulanger.com/ref/1233618?offer=a6136c7c-18c4-4b22-bfcf-5ee0a78685a7,,1790.0,Boulanger,FR,2026-06-19T16:15:03Z
LG,LG TV OLED LG OLED42C3 Reconditionné,https://www.boulanger.com/ref/1234486?offer=60b85592-beba-490e-a2d7-ba444181998c,,649.0,Boulanger,FR,2026-06-19T16:15:03Z
LG,LG TV OLED LG 65A1 2021 Reconditionné,https://www.boulanger.com/ref/1235994?offer=133c093d-69a0-4c4e-a7d6-2351b948d8b4,,1390.0,Boulanger,FR,2026-06-19T16:15:03Z
LG,LG TV OLED LG 55B1 2021 Reconditionné,https://www.boulanger.com/ref/1235974?offer=ef7dea0d-4aff-4903-bc1f-2d58799d31d8,,1090.0,Boulanger,FR,2026-06-19T16:15:03Z
LG,LG TV OLED LG 65C1 2021 Reconditionné,https://www.boulanger.com/ref/1232222?offer=989fc7d1-4990-41ae-b7a5-5fe3890b7384,,1590.0,Boulanger,FR,2026-06-19T16:15:03Z
LG,LG TV OLED LG OLED48C3 Reconditionné,https://www.boulanger.com/ref/1234487?offer=3bf2d77d-d53c-4fb5-a3d1-fe73955cebc7,,1049.0,Boulanger,FR,2026-06-19T16:15:03Z
LG,LG TV OLED LG OLED65CS Reconditionné,https://www.boulanger.com/ref/1238669?offer=d449465f-9d4a-4249-a36e-8d6c9f6ae6cd,,1990.0,Boulanger,FR,2026-06-19T16:15:03Z
LG,LG TV OLED LG 55C1 2021 Reconditionné,https://www.boulanger.com/ref/1231843?offer=e1b8fc7f-b6d6-42b3-bebd-257fa8876a7e,,1590.0,Boulanger,FR,2026-06-19T16:15:03Z
LG,LG TV OLED LG OLED55G3 Reconditionné,https://www.boulanger.com/ref/1236012?offer=523117cf-3542-4ed6-b01d-6e99269a5513,,999.0,Boulanger,FR,2026-06-19T16:15:03Z
LG,LG reconditionné LG OLED65G2 2022 Reconditionné,https://www.boulanger.com/ref/1231662?offer=eff66536-f811-45be-ac30-3ac805bc71a1,,2990.0,Boulanger,FR,2026-06-19T16:15:03Z
LG,LG TV OLED LG 77C1 2021 Reconditionné,https://www.boulanger.com/ref/1236825?offer=5d8ab2a4-30c2-4077-8414-05acb3dbf05d,,2290.0,Boulanger,FR,2026-06-19T16:15:03Z
LG,LG TV OLED LG OLED65C3 Reconditionné,https://www.boulanger.com/ref/1234190?offer=86baab8e-98bf-49f9-9ab0-3a028fc9d61e,,1199.0,Boulanger,FR,2026-06-19T16:15:03Z
LG,LG TV OLED LG 65C5 2025 Reconditionné,https://www.boulanger.com/ref/1235889?offer=2ee9ee70-e825-4d27-8b5f-f747544f0072,,1399.0,Boulanger,FR,2026-06-19T16:15:03Z
LG,LG TV Mini LED LG 65QNED86B 2026 (164cm),https://www.boulanger.com/ref/1239873,65,1299.0,Boulanger,FR,2026-06-19T16:15:03Z
LG,LG TV OLED LG OLED65C4 Reconditionné,https://www.boulanger.com/ref/1234566?offer=16d57ded-f5df-4240-88dd-ae96eb2960b1,,1299.0,Boulanger,FR,2026-06-19T16:15:03Z
LG,LG TV LED LG 85NU850B6 2026 (215cm),https://www.boulanger.com/ref/1239876,85,1499.0,Boulanger,FR,2026-06-19T16:15:03Z
LG,LG TV OLED LG 42C5 2025 (106cm),https://www.boulanger.com/ref/1220719,42,999.0,Boulanger,FR,2026-06-19T16:15:03Z
LG,LG TV OLED LG 48G5 2025 (121cm),https://www.boulanger.com/ref/1220765,48,1199.0,Boulanger,FR,2026-06-19T16:15:03Z
LG,LG TV LED LG 65UA75 2025 (164cm),https://www.boulanger.com/ref/1220691,65,579.0,Boulanger,FR,2026-06-19T16:15:03Z
LG,LG TV LED LG 65QNED84A 2025 (164cm),https://www.boulanger.com/ref/1220714,65,629.0,Boulanger,FR,2026-06-19T16:15:03Z
LG,LG TV LED LG 55UA75 2025 (139cm),https://www.boulanger.com/ref/1220679,55,449.0,Boulanger,FR,2026-06-19T16:15:03Z
LG,LG TV LED LG 55QNED70A 2025 (139cm),https://www.boulanger.com/ref/1224047,55,479.0,Boulanger,FR,2026-06-19T16:15:03Z
LG,LG TV Mini LED LG 55QNED93A 2025 (139cm),https://www.boulanger.com/ref/1220713,55,699.0,Boulanger,FR,2026-06-19T16:15:03Z
LG,Exclusivité internet  LG TV LED LG 86UA75 2025 (217cm),https://www.boulanger.com/ref/1220646,85,927.83,Boulanger,FR,2026-06-19T16:15:03Z
LG,Exclusivité internet  LG TV LED LG 43UA75 2025 (108cm),https://www.boulanger.com/ref/1220660,43,309.99,Boulanger,FR,2026-06-19T16:15:03Z
LG,Exclusivité internet  LG TV LED LG 32LQ630B,https://www.boulanger.com/ref/1175708,,329.99,Boulanger,FR,2026-06-19T16:15:03Z
LG,Exclusivité internet  LG TV LED LG 27TQ615S-27 pouces (69cm),https://www.boulanger.com/ref/1205048,27.0,229.93,Boulanger,FR,2026-06-19T16:15:03Z
LG,LG TV OLED LG OLED48C2 2022 Reconditionné,https://www.boulanger.com/ref/1176714?offer=1e55b9a1-489e-47d0-b162-ee905b5ab167,,453.87,Boulanger,FR,2026-06-19T16:15:03Z
LG,LG TV LED LG 24TQ520S,https://www.boulanger.com/ref/1178051,,229.0,Boulanger,FR,2026-06-19T16:15:03Z
LG,LG TV LED LG 43UR78,https://www.boulanger.com/ref/1190204,,399.0,Boulanger,FR,2026-06-19T16:15:03Z
LG,LG TV LED LG 43QNED70A 2025 (108cm),https://www.boulanger.com/ref/1224199,43,346.9,Boulanger,FR,2026-06-19T16:15:03Z
LG,Exclusivité internet  LG TV LED LG 50UA75 2025 (126cm),https://www.boulanger.com/ref/1220678,50,412.11,Boulanger,FR,2026-06-19T16:15:03Z
LG,LG TV LED LG 65UN71006 Reconditionné,https://www.boulanger.com/ref/1143541?offer=8201bab3-ea58-4fa1-bf44-7bd1cac60cdc,,466.27,Boulanger,FR,2026-06-19T16:15:03Z
LG,LG TV LED LG 65QNED82 2022 Reconditionné,https://www.boulanger.com/ref/1176815?offer=7e005da9-bbc0-4444-88d7-3ed38a808044,,563.27,Boulanger,FR,2026-06-19T16:15:03Z
LG,LG TV LED LG 50UR78,https://www.boulanger.com/ref/1190207,,572.14,Boulanger,FR,2026-06-19T16:15:03Z
LG,LG TV OLED LG OLED55C2 2022 Reconditionné,https://www.boulanger.com/ref/1176720?offer=d8768ce3-b490-4cc3-8ddd-25954acf4501,,603.95,Boulanger,FR,2026-06-19T16:15:03Z
LG,LG TV LED LG 55UR78,https://www.boulanger.com/ref/1190210,,692.47,Boulanger,FR,2026-06-19T16:15:03Z
LG,LG TV LED LG 50QNED80T 2024,https://www.boulanger.com/ref/1204455,,736.99,Boulanger,FR,2026-06-19T16:15:03Z
LG,Exclusivité internet  LG TV LED LG 75UA75 2025 (189cm),https://www.boulanger.com/ref/1220645,74,839.63,Boulanger,FR,2026-06-19T16:15:03Z
LG,LG TV OLED LG 77C1 2021 Reconditionné,https://www.boulanger.com/ref/1159685?offer=a1ad32c0-8aab-4832-bd6a-1bc50046462f,,936.72,Boulanger,FR,2026-06-19T16:15:03Z
LG,LG TV LED LG MiniLed 75QNED87 Reconditionné,https://www.boulanger.com/ref/1177368?offer=15443f76-efcc-4592-8a35-b3b2b8647b1e,,1995.0,Boulanger,FR,2026-06-19T16:15:03Z
LG,LG TV OLED LG 77CX6 2020 Reconditionné,https://www.boulanger.com/ref/1143533?offer=523ca0c3-9410-4d08-828e-f70a23bb3c46,,1207.37,Boulanger,FR,2026-06-19T16:15:03Z
LG,LG TV LED LG 65QNED93A 2025 (164cm),https://www.boulanger.com/ref/1220716,65,1210.26,Boulanger,FR,2026-06-19T16:15:03Z
LG,LG TV Mini LED LG 75QNED93A 2025 (189cm),https://www.boulanger.com/ref/1220689,74,1260.63,Boulanger,FR,2026-06-19T16:15:03Z
LG,LG TV OLED LG sans pied OLED55G5,https://www.boulanger.com/ref/9000941111,,1399.0,Boulanger,FR,2026-06-19T16:15:03Z
LG,LG TV OLED LG sans pied OLED65G5,https://www.boulanger.com/ref/9000941112,,1690.96,Boulanger,FR,2026-06-19T16:15:03Z
LG,LG TV LED LG 86UR78,https://www.boulanger.com/ref/1190263,,1973.43,Boulanger,FR,2026-06-19T16:15:03Z
Hisense,"HISENSE TV QLED HISENSE 55E79Q PRO (2025) 55"" (139 cm) 4K Ultra HD - 144Hz, Smart TV",https://www.boulanger.com/ref/1222485,55.0,429.0,Boulanger,FR,2026-06-19T16:15:03Z
Hisense,"HISENSE TV QLED HISENSE 65A7Q (2025) 65"" (164 cm) 4K Ultra HD - Smart TV, caisson de basses intégré",https://www.boulanger.com/ref/1222699,65.0,479.0,Boulanger,FR,2026-06-19T16:15:03Z
Hisense,HISENSE TV QLED HISENSE 100E7Q PRO 2025 (253cm),https://www.boulanger.com/ref/1222657,100,1799.0,Boulanger,FR,2026-06-19T16:15:03Z
Hisense,HISENSE TV RGB HISENSE 55UR8S (139cm),https://www.boulanger.com/ref/1240215,55,1499.0,Boulanger,FR,2026-06-19T16:15:03Z
Hisense,HISENSE TV Mini LED HISENSE 85U7S PRO (215cm),https://www.boulanger.com/ref/1240219,85,1999.0,Boulanger,FR,2026-06-19T16:15:03Z
Hisense,HISENSE TV Mini LED HISENSE 65U7S PRO (164cm),https://www.boulanger.com/ref/1240216,65,1499.0,Boulanger,FR,2026-06-19T16:15:03Z
Hisense,HISENSE TV QLED HISENSE 43E7S (108cm),https://www.boulanger.com/ref/1240356,43,499.0,Boulanger,FR,2026-06-19T16:15:03Z
Hisense,"HISENSE TV QLED HISENSE 32A5S (2026) 32"" (80 cm) - Smart TV",https://www.boulanger.com/ref/1240354,32.0,249.25,Boulanger,FR,2026-06-19T16:15:03Z
Hisense,HISENSE TV RGB HISENSE 75UR9S (189cm),https://www.boulanger.com/ref/1239172,74,2499.0,Boulanger,FR,2026-06-19T16:15:03Z
Hisense,HISENSE TV Mini LED HISENSE 100U7Q PRO 2025 (253cm),https://www.boulanger.com/ref/1222711,100,2490.0,Boulanger,FR,2026-06-19T16:15:03Z
Hisense,HISENSE TV RGB HISENSE 65UR9S (164cm),https://www.boulanger.com/ref/1239171,65,1999.0,Boulanger,FR,2026-06-19T16:15:03Z
Hisense,HISENSE TV QLED HISENSE 50A7S (126cm),https://www.boulanger.com/ref/1240360,50,649.0,Boulanger,FR,2026-06-19T16:15:03Z
Hisense,HISENSE TV Mini LED HISENSE 85U8Q 2025-85 pouces (215cm),https://www.boulanger.com/ref/1222748,85.0,1699.0,Boulanger,FR,2026-06-19T16:15:03Z
Hisense,HISENSE TV QLED HISENSE 58E7S (146cm),https://www.boulanger.com/ref/1240358,57,749.0,Boulanger,FR,2026-06-19T16:15:03Z
Hisense,Exclusivité internet  HISENSE TV LED HISENSE 32S5Q 2025,https://www.boulanger.com/ref/1233536,,197.99,Boulanger,FR,2026-06-19T16:15:03Z
Hisense,HISENSE TV QLED HISENSE 75E7S (189cm),https://www.boulanger.com/ref/1240332,74,1299.0,Boulanger,FR,2026-06-19T16:15:03Z
Hisense,HISENSE TV Mini LED HISENSE 65U7SE (164cm),https://www.boulanger.com/ref/1240351,65,1299.0,Boulanger,FR,2026-06-19T16:15:03Z
Hisense,HISENSE TV QLED HISENSE 65A7S (164cm),https://www.boulanger.com/ref/1240339,65,999.0,Boulanger,FR,2026-06-19T16:15:03Z
Hisense,HISENSE TV QLED HISENSE 55E7S (139cm),https://www.boulanger.com/ref/1240220,55,749.0,Boulanger,FR,2026-06-19T16:15:03Z
Hisense,HISENSE TV QLED HISENSE 43A7S (108cm),https://www.boulanger.com/ref/1240359,43,499.0,Boulanger,FR,2026-06-19T16:15:03Z
Hisense,HISENSE TV QLED HISENSE 55E7S PRO (139cm),https://www.boulanger.com/ref/1240334,55,849.0,Boulanger,FR,2026-06-19T16:15:03Z
Hisense,HISENSE TV Mini LED HISENSE 50U7SE (126cm),https://www.boulanger.com/ref/1240361,50,799.0,Boulanger,FR,2026-06-19T16:15:03Z
Hisense,HISENSE TV Mini LED HISENSE 55U7SE (139cm),https://www.boulanger.com/ref/1240340,55,899.0,Boulanger,FR,2026-06-19T16:15:03Z
Hisense,HISENSE TV QLED HISENSE 65E7S PRO (164cm),https://www.boulanger.com/ref/1240335,65,999.0,Boulanger,FR,2026-06-19T16:15:03Z
Hisense,HISENSE TV RGB HISENSE 65UR8S (164cm),https://www.boulanger.com/ref/1240217,65,1799.0,Boulanger,FR,2026-06-19T16:15:03Z
Hisense,HISENSE TV Mini LED HISENSE 75U7SE (189cm),https://www.boulanger.com/ref/1240352,74,1599.0,Boulanger,FR,2026-06-19T16:15:03Z
Hisense,HISENSE TV Mini LED HISENSE 75U7S PRO (189cm),https://www.boulanger.com/ref/1240218,74,1799.0,Boulanger,FR,2026-06-19T16:15:03Z
Hisense,HISENSE TV Mini LED HISENSE 75UR8S (189cm),https://www.boulanger.com/ref/1240658,74,2299.0,Boulanger,FR,2026-06-19T16:15:03Z
Hisense,HISENSE TV RGB HISENSE 85UR8S (215cm),https://www.boulanger.com/ref/1240659,85,2799.0,Boulanger,FR,2026-06-19T16:15:03Z
Hisense,HISENSE TV RGB HISENSE 85UR9S (215cm),https://www.boulanger.com/ref/1239173,85,2999.0,Boulanger,FR,2026-06-19T16:15:03Z
Hisense,HISENSE TV RGB HISENSE 100UXQ 2025 ( 253 cm ),https://www.boulanger.com/ref/1229416,100,7999.0,Boulanger,FR,2026-06-19T16:15:03Z
Hisense,HISENSE TV RGB HISENSE 116UXQ 2025 - 116 pouces ( 293 cm ),https://www.boulanger.com/ref/1229418,116.0,14999.0,Boulanger,FR,2026-06-19T16:15:03Z
Hisense,HISENSE TV QLED HISENSE 58E7Q 2025 (146cm),https://www.boulanger.com/ref/1222697,57,399.0,Boulanger,FR,2026-06-19T16:15:03Z
Hisense,HISENSE TV Mini LED HISENSE 50U7Q 2025-50 pouces (126cm),https://www.boulanger.com/ref/1222724,50.0,449.0,Boulanger,FR,2026-06-19T16:15:03Z
Hisense,HISENSE TV LED HISENSE 32A5Q 2025 (80cm),https://www.boulanger.com/ref/1222713,31,199.0,Boulanger,FR,2026-06-19T16:15:03Z
Hisense,HISENSE TV QLED HISENSE 65E7S (164cm),https://www.boulanger.com/ref/1240331,65,560.0,Boulanger,FR,2026-06-19T16:15:03Z
Hisense,HISENSE TV QLED HISENSE 85E7S (215cm),https://www.boulanger.com/ref/1240333,85,1025.26,Boulanger,FR,2026-06-19T16:15:03Z
Hisense,HISENSE TV QLED HISENSE 43E7Q 2025 (108cm),https://www.boulanger.com/ref/1222720,43,259.0,Boulanger,FR,2026-06-19T16:15:03Z
Hisense,Exclusivité internet  HISENSE TV QLED HISENSE 43A7Q 2025 (108cm),https://www.boulanger.com/ref/1222719,43,338.79,Boulanger,FR,2026-06-19T16:15:03Z
Hisense,Exclusivité internet  HISENSE TV QLED HISENSE 85E7Q 2025-85 pouces (215cm),https://www.boulanger.com/ref/1222744,85.0,879.0,Boulanger,FR,2026-06-19T16:15:03Z
Hisense,Exclusivité internet  HISENSE TV LED HISENSE 32A49Q 2025 (80cm),https://www.boulanger.com/ref/1222712,31,192.99,Boulanger,FR,2026-06-19T16:15:03Z
Hisense,HISENSE TV QLED HISENSE 55E7Q 2025 (139cm),https://www.boulanger.com/ref/1222693,55,359.0,Boulanger,FR,2026-06-19T16:15:03Z
Hisense,"HISENSE TV QLED HISENSE 40A5S (2026) 40"" (100 cm) - Smart TV",https://www.boulanger.com/ref/1240355,40.0,252.99,Boulanger,FR,2026-06-19T16:15:03Z
Hisense,Exclusivité internet  HISENSE TV LED HISENSE 58A6Q 2025 (146cm),https://www.boulanger.com/ref/1222696,57,359.0,Boulanger,FR,2026-06-19T16:15:03Z
Hisense,Exclusivité internet  HISENSE TV LED HISENSE 40A5Q 2025 (100cm),https://www.boulanger.com/ref/1222715,39,315.43,Boulanger,FR,2026-06-19T16:15:03Z
Hisense,HISENSE TV QLED HISENSE 55U72QF Reconditionné,https://www.boulanger.com/ref/1145653?offer=74125588-a2fa-4e2a-a141-20f8a4ad8d87,,336.87,Boulanger,FR,2026-06-19T16:15:03Z
Hisense,HISENSE TV LED HISENSE 43A6Q 2025,https://www.boulanger.com/ref/1222718,,363.99,Boulanger,FR,2026-06-19T16:15:03Z
Hisense,Exclusivité internet  HISENSE TV QLED HISENSE 50A7Q 2025-50 pouces (126cm),https://www.boulanger.com/ref/1222723,50.0,347.37,Boulanger,FR,2026-06-19T16:15:03Z
Hisense,Exclusivité internet  HISENSE TV LED HISENSE 43A6N 2024,https://www.boulanger.com/ref/1204636,,350.42,Boulanger,FR,2026-06-19T16:15:03Z
Hisense,Exclusivité internet  HISENSE TV QLED HISENSE 43A7NQ 2024,https://www.boulanger.com/ref/1204637,,373.54,Boulanger,FR,2026-06-19T16:15:03Z
Hisense,"HISENSE TV QLED HISENSE 50E7S (2026) 50"" (126 cm) 4K",https://www.boulanger.com/ref/1240357,50.0,425.86,Boulanger,FR,2026-06-19T16:15:03Z
Hisense,Exclusivité internet  HISENSE TV LED HISENSE 50A6Q 2025 (126cm),https://www.boulanger.com/ref/1222722,50,436.99,Boulanger,FR,2026-06-19T16:15:03Z
Hisense,HISENSE TV QLED HISENSE 65E7Q 2025-65 pouces (164cm),https://www.boulanger.com/ref/1222751,65.0,469.0,Boulanger,FR,2026-06-19T16:15:03Z
Hisense,HISENSE TV QLED HISENSE 65U72QF Reconditionné,https://www.boulanger.com/ref/1145654?offer=231c6643-7b28-4b7a-980c-994b7798dd0a,,534.27,Boulanger,FR,2026-06-19T16:15:03Z
Hisense,Exclusivité internet  HISENSE TV QLED HISENSE 55A7Q 2025-55 pouces (139cm),https://www.boulanger.com/ref/1222732,55.0,599.99,Boulanger,FR,2026-06-19T16:15:03Z
Hisense,Exclusivité internet  HISENSE TV LED HISENSE 55A6Q 2025-55 pouces (139cm),https://www.boulanger.com/ref/1222725,55.0,563.48,Boulanger,FR,2026-06-19T16:15:03Z
Hisense,Exclusivité internet  HISENSE TV LED HISENSE 65A6Q 2025 (164cm),https://www.boulanger.com/ref/1222698,65,593.02,Boulanger,FR,2026-06-19T16:15:03Z
Hisense,Exclusivité internet  HISENSE TV Mini LED HISENSE 55U7Q 2025 - 55 pouces ( 139 cm ),https://www.boulanger.com/ref/1229414,55.0,612.99,Boulanger,FR,2026-06-19T16:15:03Z
Hisense,HISENSE TV QLED HISENSE 75E7Q 2025 (189cm),https://www.boulanger.com/ref/1222639,74,699.0,Boulanger,FR,2026-06-19T16:15:03Z
Hisense,HISENSE TV LED HISENSE 75A6N 2024,https://www.boulanger.com/ref/1207451,,841.32,Boulanger,FR,2026-06-19T16:15:03Z
Hisense,HISENSE TV Mini LED HISENSE 55U8Q 2025 (139cm),https://www.boulanger.com/ref/1222695,55,872.88,Boulanger,FR,2026-06-19T16:15:03Z
Hisense,HISENSE TV Mini LED HISENSE 55U7S PRO (139cm),https://www.boulanger.com/ref/1240214,55,882.55,Boulanger,FR,2026-06-19T16:15:03Z
Hisense,HISENSE TV HISENSE 65U7NQ (164cm),https://www.boulanger.com/ref/1208999,65,916.99,Boulanger,FR,2026-06-19T16:15:03Z
Hisense,"HISENSE TV QLED HISENSE 75E7S PRO (2026) 75"" (189 cm) 4K - 144Hz",https://www.boulanger.com/ref/1240336,75.0,993.04,Boulanger,FR,2026-06-19T16:15:03Z
Hisense,HISENSE TV OLED HISENSE 55A85Q 2025 - 55 pouces ( 139 cm ),https://www.boulanger.com/ref/1228678,55.0,1013.99,Boulanger,FR,2026-06-19T16:15:03Z
Hisense,HISENSE TV LED HISENSE 85A6Q 2025-85 pouces (215cm),https://www.boulanger.com/ref/1222743,85.0,1099.99,Boulanger,FR,2026-06-19T16:15:03Z
Hisense,HISENSE TV Mini LED HISENSE 75U8Q 2025-75 pouces (189cm),https://www.boulanger.com/ref/1222761,75.0,1199.0,Boulanger,FR,2026-06-19T16:15:03Z
Hisense,"HISENSE TV Mini LED HISENSE 85U7SE (2026) 85"" (215 cm) 4K - 144Hz",https://www.boulanger.com/ref/1240353,85.0,1434.01,Boulanger,FR,2026-06-19T16:15:03Z
Hisense,Exclusivité internet  HISENSE TV OLED HISENSE 65A85Q 2025 - 65 pouces ( 164 cm ),https://www.boulanger.com/ref/1228679,65.0,1489.38,Boulanger,FR,2026-06-19T16:15:03Z
Hisense,"HISENSE TV QLED HISENSE 85E7S PRO (2026) 85"" (215 cm) 4K - 144Hz",https://www.boulanger.com/ref/1240337,85.0,1949.99,Boulanger,FR,2026-06-19T16:15:03Z
Hisense,HISENSE TV Mini LED HISENSE 85U7Q PRO 2025-85 pouces (215cm),https://www.boulanger.com/ref/1222747,85.0,1742.88,Boulanger,FR,2026-06-19T16:15:03Z
Hisense,HISENSE TV QLED HISENSE MiniLED 85UXKQ 2023,https://www.boulanger.com/ref/1197449,,4495.99,Boulanger,FR,2026-06-19T16:15:03Z
Hisense,HISENSE TV QLED HISENSE 110UXNQ (280cm),https://www.boulanger.com/ref/1215542,110,9190.0,Boulanger,FR,2026-06-19T16:15:03Z
Sony,SONY TV OLED SONY 55BRAVIA8 Acoustic Surface (139cm),https://www.boulanger.com/ref/1227653,55,1399.0,Boulanger,FR,2026-06-19T16:15:03Z
Sony,SONY TV Mini LED SONY 85BRAVIA5 IA XR (215cm),https://www.boulanger.com/ref/1221966,85,2299.0,Boulanger,FR,2026-06-19T16:15:03Z
Sony,SONY TV LED SONY 43BRAVIA3 PlayStation Remote (109cm),https://www.boulanger.com/ref/1222023,43,599.0,Boulanger,FR,2026-06-19T16:15:03Z
Sony,"SONY TV RGB SONY 75BRAVIA9II (2026) 75"" (189 cm) 4K - True RGB, 120Hz, Smart TV",https://www.boulanger.com/ref/1241554,75.0,3499.0,Boulanger,FR,2026-06-19T16:15:03Z
Sony,SONY TV LED SONY KD32W800P1-32 pouces (80cm),https://www.boulanger.com/ref/1187547,32.0,369.0,Boulanger,FR,2026-06-19T16:15:03Z
Sony,SONY TV LED SONY 50BRAVIA3 PlayStation Remote (127cm),https://www.boulanger.com/ref/1222024,50,699.0,Boulanger,FR,2026-06-19T16:15:03Z
Sony,SONY TV OLED SONY 77BRAVIA8 Acoustic Surface (195cm),https://www.boulanger.com/ref/1227655,77,2499.0,Boulanger,FR,2026-06-19T16:15:03Z
Sony,SONY TV Mini LED SONY 98BRAVIA5 IA XR (248cm),https://www.boulanger.com/ref/1221967,98,4499.0,Boulanger,FR,2026-06-19T16:15:03Z
Sony,SONY TV RGB SONY 65BRAVIA9II True RGB 2026 (164cm),https://www.boulanger.com/ref/1241553,65,2999.0,Boulanger,FR,2026-06-19T16:15:03Z
Sony,SONY TV RGB SONY 55BRAVIA7II True RGB 2026 (139cm),https://www.boulanger.com/ref/1241540,55,1899.0,Boulanger,FR,2026-06-19T16:15:03Z
Sony,SONY TV RGB SONY 65BRAVIA7II True RGB 2026 (164cm),https://www.boulanger.com/ref/1241551,65,1999.0,Boulanger,FR,2026-06-19T16:15:03Z
Sony,"SONY TV LED SONY 43BRAVIA3II (2026) 43"" (108 cm)",https://www.boulanger.com/ref/1241938,43.0,799.0,Boulanger,FR,2026-06-19T16:15:03Z
Sony,SONY TV LED SONY 43BRAVIA2II 2026 (108cm),https://www.boulanger.com/ref/1241536,43,699.0,Boulanger,FR,2026-06-19T16:15:03Z
Sony,SONY TV LED SONY 50BRAVIA2II 2026 (126cm),https://www.boulanger.com/ref/1241537,50,799.0,Boulanger,FR,2026-06-19T16:15:03Z
Sony,SONY TV LED SONY 55BRAVIA2II 2026 (139cm),https://www.boulanger.com/ref/1241538,55,899.0,Boulanger,FR,2026-06-19T16:15:03Z
Sony,"SONY TV LED SONY 50BRAVIA3II (2026) 50"" (126 cm)",https://www.boulanger.com/ref/1241940,50.0,899.0,Boulanger,FR,2026-06-19T16:15:03Z
Sony,"SONY TV LED SONY 55BRAVIA3II (2026) 55"" (139 cm)",https://www.boulanger.com/ref/1241951,55.0,999.0,Boulanger,FR,2026-06-19T16:15:03Z
Sony,"SONY TV LED SONY 65BRAVIA3II (2026) 65"" (164 cm)",https://www.boulanger.com/ref/1241953,65.0,1199.0,Boulanger,FR,2026-06-19T16:15:03Z
Sony,"SONY TV LED SONY 75BRAVIA3II (2026) 75"" (189 cm)",https://www.boulanger.com/ref/1241952,75.0,1399.0,Boulanger,FR,2026-06-19T16:15:03Z
Sony,SONY TV LED SONY 85BRAVIA3 PlayStation Remote (215cm),https://www.boulanger.com/ref/1222030,85,1699.0,Boulanger,FR,2026-06-19T16:15:03Z
Sony,"SONY TV LED SONY 85BRAVIA3II (2026) 85"" (215 cm) 4K - Expérience Gaming, Google TV",https://www.boulanger.com/ref/1242983,85.0,1999.0,Boulanger,FR,2026-06-19T16:15:03Z
Sony,"SONY TV LED SONY 100BRAVIA3II (2026) 100"" (253 cm)",https://www.boulanger.com/ref/1241954,100.0,2799.0,Boulanger,FR,2026-06-19T16:15:03Z
Sony,"SONY TV RGB SONY 75BRAVIA7II (2026) 75"" (189 cm) 4K - True RGB, 120Hz, Smart TV",https://www.boulanger.com/ref/1242053,75.0,2899.0,Boulanger,FR,2026-06-19T16:15:03Z
Sony,"SONY TV RGB SONY 85BRAVIA7II (2026) 85"" (215 cm) 4K - True RGB, 120Hz, Smart TV",https://www.boulanger.com/ref/1242054,85.0,3599.0,Boulanger,FR,2026-06-19T16:15:03Z
Sony,"SONY TV RGB SONY 85BRAVIA9II (2026) 85"" (215 cm) 4K - True RGB, 120Hz, Smart TV",https://www.boulanger.com/ref/1242056,85.0,4999.0,Boulanger,FR,2026-06-19T16:15:03Z
Sony,"SONY TV RGB SONY 98BRAVIA7II (2026) 98"" (248 cm) 4K - 120Hz, Smart TV, True RGB (contrastes précis)",https://www.boulanger.com/ref/1242055,98.0,5999.0,Boulanger,FR,2026-06-19T16:15:03Z
Sony,"SONY TV RGB SONY 115BRAVIA9II (2026) 115"" (291 cm) - 120Hz, sans reflet, True RGB (contrastes précis)",https://www.boulanger.com/ref/1242057,115.0,19999.0,Boulanger,FR,2026-06-19T16:15:03Z
Sony,SONY TV OLED SONY 65BRAVIA8 (164cm),https://www.boulanger.com/ref/1206127,65,1599.0,Boulanger,FR,2026-06-19T16:15:03Z
Sony,SONY TV OLED SONY 55BRAVIA8 (139cm),https://www.boulanger.com/ref/1206126,55,1199.0,Boulanger,FR,2026-06-19T16:15:03Z
Sony,SONY TV Mini LED SONY 55BRAVIA5 IA XR (139cm),https://www.boulanger.com/ref/1221963,55,999.0,Boulanger,FR,2026-06-19T16:15:03Z
Sony,SONY TV Mini LED SONY 65BRAVIA5 IA XR (164cm),https://www.boulanger.com/ref/1221964,65,1299.0,Boulanger,FR,2026-06-19T16:15:03Z
Sony,SONY TV OLED SONY XR48A90K (121cm),https://www.boulanger.com/ref/1178741,48,1499.0,Boulanger,FR,2026-06-19T16:15:03Z
Sony,SONY TV LED SONY KD43X75WL,https://www.boulanger.com/ref/1191186,,409.0,Boulanger,FR,2026-06-19T16:15:03Z
Sony,SONY TV LED SONY XR50X90S Reconditionné,https://www.boulanger.com/ref/1180705?offer=521336d7-d756-4b0b-8173-bb9a6df34259,,512.87,Boulanger,FR,2026-06-19T16:15:03Z
Sony,SONY TV OLED SONY KE48A9 Reconditionné,https://www.boulanger.com/ref/1157849?offer=09e46b1c-f7fc-4edf-a1b8-550660416fe6,,549.27,Boulanger,FR,2026-06-19T16:15:03Z
Sony,SONY TV LED SONY KE55XH9005 Android TV Reconditionné,https://www.boulanger.com/ref/1157863?offer=7ca0af35-1b92-42e0-babf-1e9b175ff35b,,583.27,Boulanger,FR,2026-06-19T16:15:03Z
Sony,SONY TV OLED SONY Bravia KD48A9 Android TV Reconditionné,https://www.boulanger.com/ref/1149401?offer=3401aef4-e646-4f66-8018-55d4b5151f1f,,760.35,Boulanger,FR,2026-06-19T16:15:03Z
Sony,SONY TV LED SONY KE85XH9096 Android TV Full Array Led Reconditionné,https://www.boulanger.com/ref/1157871?offer=a31d1e42-8fac-4d4c-8035-d4a957c88c7b,,919.22,Boulanger,FR,2026-06-19T16:15:03Z
Sony,SONY TV OLED SONY XR65A95K Reconditionné,https://www.boulanger.com/ref/1178766?offer=2bbb6a7b-2b7a-4d74-846e-161bb881f1e0,,1101.02,Boulanger,FR,2026-06-19T16:15:03Z
Sony,SONY TV LED SONY KD65X75WL,https://www.boulanger.com/ref/1191189,,1338.74,Boulanger,FR,2026-06-19T16:15:03Z
Sony,SONY TV LED SONY KD55X85L,https://www.boulanger.com/ref/1190893,,1346.96,Boulanger,FR,2026-06-19T16:15:03Z
Sony,SONY TV LED SONY KD65X85L,https://www.boulanger.com/ref/1190895,,1482.26,Boulanger,FR,2026-06-19T16:15:03Z
Sony,SONY TV OLED SONY Bravia KD65AG9 Android TV Reconditionné,https://www.boulanger.com/ref/1125727?offer=25bfde50-5a86-4145-8297-07c9dba04e84,,1789.0,Boulanger,FR,2026-06-19T16:15:03Z
Sony,SONY TV Mini LED SONY 75BRAVIA5 IA XR (189cm),https://www.boulanger.com/ref/1221965,74,2223.94,Boulanger,FR,2026-06-19T16:15:03Z
